be_lock_pct,be_trigger_pct,kpi_avg,kpi_avg_loss,kpi_avg_win,kpi_count,kpi_decided,kpi_expectancy,kpi_losses,kpi_max_dd,kpi_mean,kpi_median,kpi_n_be,kpi_n_partial,kpi_pf,kpi_total,kpi_winrate,kpi_wins,partial_close_pct,partial_trigger_pct,sl_pct,source,tp_pct,trail_activation_pct,trail_distance_pct
0.35,0.8,0.092,-1.1,0.645,43,41,0.092,13,-4.91,0.091,0.475,28,28,1.263,3.78,68.3,28,50.0,0.8,1.0,baseline,5.0,1.6,0.6
0.35,0.8,0.018,-0.15,0.475,43,41,0.018,30,-1.35,0.018,-0.15,11,11,1.162,0.73,26.8,11,50.0,0.8,0.05,1d_sl_pct,5.0,1.6,0.6
0.35,0.8,0.031,-0.2,0.475,43,41,0.03,27,-1.8,0.03,-0.2,14,14,1.231,1.26,34.1,14,50.0,0.8,0.1,1d_sl_pct,5.0,1.6,0.6
0.35,0.8,0.059,-0.3,0.517,43,41,0.059,23,-2.95,0.058,-0.3,18,18,1.348,2.42,43.9,18,50.0,0.8,0.2,1d_sl_pct,5.0,1.6,0.6
0.35,0.8,0.003,-0.4,0.517,43,41,0.003,23,-4.25,0.002,-0.4,18,18,1.011,0.12,43.9,18,50.0,0.8,0.3,1d_sl_pct,5.0,1.6,0.6
0.35,0.8,0.029,-0.5,0.582,43,41,0.028,21,-5.05,0.028,-0.5,20,20,1.109,1.17,48.8,20,50.0,0.8,0.4,1d_sl_pct,5.0,1.6,0.6
0.35,0.8,0.03,-0.6,0.572,43,41,0.029,19,-6.25,0.029,0.475,22,22,1.104,1.21,53.7,22,50.0,0.8,0.5,1d_sl_pct,5.0,1.6,0.6
0.35,0.8,0.012,-0.7,0.568,43,41,0.011,18,-6.27,0.011,0.475,23,23,1.037,0.49,56.1,23,50.0,0.8,0.6,1d_sl_pct,5.0,1.6,0.6
0.35,0.8,0.139,-0.8,0.624,43,41,0.138,14,-3.2,0.138,0.475,27,27,1.505,5.68,65.9,27,50.0,0.8,0.7,1d_sl_pct,5.0,1.6,0.6
0.35,0.8,0.104,-0.9,0.624,43,41,0.104,14,-3.6,0.104,0.475,27,27,1.338,4.28,65.9,27,50.0,0.8,0.8,1d_sl_pct,5.0,1.6,0.6
0.35,0.8,0.07,-1.0,0.624,43,41,0.069,14,-4.11,0.07,0.475,27,27,1.204,2.88,65.9,27,50.0,0.8,0.9,1d_sl_pct,5.0,1.6,0.6
0.35,0.8,0.092,-1.1,0.645,43,41,0.092,13,-4.91,0.091,0.475,28,28,1.263,3.78,68.3,28,50.0,0.8,1.0,1d_sl_pct,5.0,1.6,0.6
0.35,0.8,0.06,-1.2,0.645,43,41,0.06,13,-5.71,0.06,0.475,28,28,1.158,2.48,68.3,28,50.0,0.8,1.1,1d_sl_pct,5.0,1.6,0.6
0.35,0.8,0.029,-1.301,0.645,43,41,0.028,13,-6.51,0.028,0.475,28,28,1.068,1.18,68.3,28,50.0,0.8,1.2,1d_sl_pct,5.0,1.6,0.6
0.35,0.8,0.043,-1.401,0.639,43,41,0.042,12,-5.44,0.042,0.475,29,29,1.102,1.75,70.7,29,50.0,0.8,1.3,1d_sl_pct,5.0,1.6,0.6
0.35,0.8,0.013,-1.501,0.639,43,41,0.013,12,-6.14,0.013,0.475,29,29,1.029,0.55,70.7,29,50.0,0.8,1.4,1d_sl_pct,5.0,1.6,0.6
0.35,0.8,-0.016,-1.601,0.639,43,41,-0.017,12,-6.84,-0.017,0.475,29,29,0.965,-0.65,70.7,29,50.0,0.8,1.5,1d_sl_pct,5.0,1.6,0.6
0.35,0.8,0.061,-1.701,0.628,43,41,0.06,10,-5.36,0.06,0.475,31,31,1.145,2.51,75.6,31,50.0,0.8,1.6,1d_sl_pct,5.0,1.6,0.6
0.35,0.8,0.037,-1.801,0.628,43,41,0.036,10,-5.96,0.036,0.475,31,31,1.082,1.51,75.6,31,50.0,0.8,1.7,1d_sl_pct,5.0,1.6,0.6
0.35,0.8,0.07,-1.901,0.624,43,41,0.07,9,-5.22,0.069,0.475,32,32,1.167,2.88,78.0,32,50.0,0.8,1.8,1d_sl_pct,5.0,1.6,0.6
0.35,0.8,0.048,-2.001,0.624,43,41,0.048,9,-5.52,0.047,0.475,32,32,1.108,1.98,78.0,32,50.0,0.8,1.9,1d_sl_pct,5.0,1.6,0.6
0.35,0.8,0.026,-2.101,0.624,43,41,0.026,9,-5.82,0.026,0.475,32,32,1.056,1.08,78.0,32,50.0,0.8,2.0,1d_sl_pct,5.0,1.6,0.6
0.35,0.8,0.004,-2.201,0.624,43,41,0.004,9,-6.16,0.004,0.475,32,32,1.008,0.18,78.0,32,50.0,0.8,2.1,1d_sl_pct,5.0,1.6,0.6
0.35,0.8,0.144,-2.301,0.647,43,41,0.144,7,-6.66,0.144,0.475,34,34,1.365,5.91,82.9,34,50.0,0.8,2.2,1d_sl_pct,5.0,1.6,0.6
0.35,0.8,0.127,-2.401,0.647,43,41,0.127,7,-7.16,0.126,0.475,34,34,1.308,5.21,82.9,34,50.0,0.8,2.3,1d_sl_pct,5.0,1.6,0.6
0.35,0.8,0.11,-2.501,0.647,43,41,0.11,7,-7.66,0.109,0.475,34,34,1.256,4.51,82.9,34,50.0,0.8,2.4,1d_sl_pct,5.0,1.6,0.6
0.35,0.8,0.093,-2.601,0.647,43,41,0.092,7,-8.16,0.092,0.475,34,34,1.208,3.81,82.9,34,50.0,0.8,2.5,1d_sl_pct,5.0,1.6,0.6
0.35,0.8,0.076,-2.701,0.647,43,41,0.075,7,-8.66,0.075,0.475,34,34,1.163,3.11,82.9,34,50.0,0.8,2.6,1d_sl_pct,5.0,1.6,0.6
0.35,0.8,0.059,-2.801,0.647,43,41,0.058,7,-9.16,0.058,0.475,34,34,1.121,2.41,82.9,34,50.0,0.8,2.7,1d_sl_pct,5.0,1.6,0.6
0.35,0.8,0.124,-2.902,0.642,43,41,0.123,6,-9.66,0.123,0.475,35,35,1.291,5.09,85.4,35,50.0,0.8,2.8,1d_sl_pct,5.0,1.6,0.6
0.35,0.8,0.11,-3.002,0.642,43,41,0.109,6,-10.16,0.109,0.475,35,35,1.248,4.49,85.4,35,50.0,0.8,2.9,1d_sl_pct,5.0,1.6,0.6
0.35,0.8,0.095,-3.102,0.642,43,41,0.094,6,-10.66,0.094,0.475,35,35,1.207,3.89,85.4,35,50.0,0.8,3.0,1d_sl_pct,5.0,1.6,0.6
0.35,0.8,0.092,-1.1,0.645,43,41,0.092,13,-4.91,0.091,0.475,28,28,1.263,3.78,68.3,28,50.0,0.8,1.0,1d_tp_pct,,1.6,0.6
0.35,0.8,0.128,0.0,0.128,43,41,0.128,0,0.0,0.128,0.03,9,9,,5.23,100.0,41,50.0,0.8,1.0,1d_tp_pct,0.1,1.6,0.6
0.35,0.8,0.206,0.0,0.206,43,41,0.206,0,0.0,0.206,0.13,9,9,,8.43,100.0,41,50.0,0.8,1.0,1d_tp_pct,0.2,1.6,0.6
0.35,0.8,0.219,-1.1,0.287,43,41,0.219,2,-1.1,0.219,0.23,9,9,5.082,8.97,95.1,39,50.0,0.8,1.0,1d_tp_pct,0.3,1.6,0.6
0.35,0.8,0.226,-1.1,0.369,43,41,0.226,4,-2.2,0.226,0.33,10,10,3.105,9.26,90.2,37,50.0,0.8,1.0,1d_tp_pct,0.4,1.6,0.6
0.35,0.8,0.18,-1.1,0.443,43,41,0.18,7,-3.3,0.18,0.43,10,10,1.957,7.37,82.9,34,50.0,0.8,1.0,1d_tp_pct,0.5,1.6,0.6
0.35,0.8,0.121,-1.1,0.515,43,41,0.121,10,-4.4,0.121,0.475,14,14,1.452,4.98,75.6,31,50.0,0.8,1.0,1d_tp_pct,0.6,1.6,0.6
0.35,0.8,0.122,-1.1,0.57,43,41,0.122,11,-4.4,0.122,0.475,17,17,1.412,5.0,73.2,30,50.0,0.8,1.0,1d_tp_pct,0.7,1.6,0.6
0.35,0.8,0.063,-1.1,0.603,43,41,0.063,13,-5.43,0.063,0.475,28,28,1.18,2.59,68.3,28,50.0,0.8,1.0,1d_tp_pct,0.8,1.6,0.6
0.35,0.8,0.073,-1.1,0.617,43,41,0.073,13,-5.33,0.072,0.475,28,28,1.208,2.99,68.3,28,50.0,0.8,1.0,1d_tp_pct,0.9,1.6,0.6
0.35,0.8,0.072,-1.1,0.615,43,41,0.071,13,-5.23,0.071,0.475,28,28,1.203,2.94,68.3,28,50.0,0.8,1.0,1d_tp_pct,1.0,1.6,0.6
0.35,0.8,0.066,-1.1,0.605,43,41,0.064,13,-5.13,0.064,0.475,28,28,1.185,2.69,68.3,28,50.0,0.8,1.0,1d_tp_pct,1.1,1.6,0.6
0.35,0.8,0.065,-1.1,0.605,43,41,0.064,13,-5.03,0.064,0.475,28,28,1.185,2.68,68.3,28,50.0,0.8,1.0,1d_tp_pct,1.2,1.6,0.6
0.35,0.8,0.075,-1.1,0.619,43,41,0.074,13,-4.93,0.074,0.475,28,28,1.213,3.08,68.3,28,50.0,0.8,1.0,1d_tp_pct,1.3,1.6,0.6
0.35,0.8,0.071,-1.1,0.614,43,41,0.071,13,-4.83,0.07,0.475,28,28,1.202,2.92,68.3,28,50.0,0.8,1.0,1d_tp_pct,1.4,1.6,0.6
0.35,0.8,0.079,-1.1,0.626,43,41,0.079,13,-4.75,0.078,0.475,28,28,1.225,3.25,68.3,28,50.0,0.8,1.0,1d_tp_pct,1.5,1.6,0.6
0.35,0.8,0.072,-1.1,0.615,43,41,0.071,13,-4.7,0.071,0.475,28,28,1.205,2.96,68.3,28,50.0,0.8,1.0,1d_tp_pct,1.6,1.6,0.6
0.35,0.8,0.077,-1.1,0.622,43,41,0.076,13,-4.65,0.076,0.475,28,28,1.219,3.16,68.3,28,50.0,0.8,1.0,1d_tp_pct,1.7,1.6,0.6
0.35,0.8,0.082,-1.1,0.63,43,41,0.081,13,-4.6,0.081,0.475,28,28,1.233,3.36,68.3,28,50.0,0.8,1.0,1d_tp_pct,1.8,1.6,0.6
0.35,0.8,0.078,-1.1,0.624,43,41,0.077,13,-4.91,0.077,0.475,28,28,1.222,3.2,68.3,28,50.0,0.8,1.0,1d_tp_pct,1.9,1.6,0.6
0.35,0.8,0.082,-1.1,0.629,43,41,0.081,13,-4.91,0.081,0.475,28,28,1.232,3.35,68.3,28,50.0,0.8,1.0,1d_tp_pct,2.0,1.6,0.6
0.35,0.8,0.084,-1.1,0.633,43,41,0.084,13,-4.91,0.083,0.475,28,28,1.239,3.45,68.3,28,50.0,0.8,1.0,1d_tp_pct,2.1,1.6,0.6
0.35,0.8,0.087,-1.1,0.636,43,41,0.086,13,-4.91,0.086,0.475,28,28,1.246,3.55,68.3,28,50.0,0.8,1.0,1d_tp_pct,2.2,1.6,0.6
0.35,0.8,0.089,-1.1,0.64,43,41,0.088,13,-4.91,0.088,0.475,28,28,1.253,3.65,68.3,28,50.0,0.8,1.0,1d_tp_pct,2.3,1.6,0.6
0.35,0.8,0.091,-1.1,0.644,43,41,0.091,13,-4.91,0.091,0.475,28,28,1.26,3.75,68.3,28,50.0,0.8,1.0,1d_tp_pct,2.4,1.6,0.6
0.35,0.8,0.085,-1.1,0.634,43,41,0.084,13,-4.91,0.084,0.475,28,28,1.242,3.49,68.3,28,50.0,0.8,1.0,1d_tp_pct,2.5,1.6,0.6
0.35,0.8,0.086,-1.1,0.636,43,41,0.086,13,-4.91,0.086,0.475,28,28,1.245,3.54,68.3,28,50.0,0.8,1.0,1d_tp_pct,2.6,1.6,0.6
0.35,0.8,0.088,-1.1,0.638,43,41,0.087,13,-4.91,0.087,0.475,28,28,1.249,3.59,68.3,28,50.0,0.8,1.0,1d_tp_pct,2.7,1.6,0.6
0.35,0.8,0.089,-1.1,0.64,43,41,0.088,13,-4.91,0.088,0.475,28,28,1.252,3.64,68.3,28,50.0,0.8,1.0,1d_tp_pct,2.8,1.6,0.6
0.35,0.8,0.09,-1.1,0.641,43,41,0.089,13,-4.91,0.089,0.475,28,28,1.256,3.69,68.3,28,50.0,0.8,1.0,1d_tp_pct,2.9,1.6,0.6
0.35,0.8,0.091,-1.1,0.643,43,41,0.09,13,-4.91,0.09,0.475,28,28,1.259,3.74,68.3,28,50.0,0.8,1.0,1d_tp_pct,3.0,1.6,0.6
0.35,0.8,0.092,-1.1,0.645,43,41,0.092,13,-4.91,0.092,0.475,28,28,1.263,3.79,68.3,28,50.0,0.8,1.0,1d_tp_pct,3.1,1.6,0.6
0.35,0.8,0.094,-1.1,0.647,43,41,0.093,13,-4.91,0.093,0.475,28,28,1.266,3.84,68.3,28,50.0,0.8,1.0,1d_tp_pct,3.2,1.6,0.6
0.35,0.8,0.095,-1.1,0.649,43,41,0.094,13,-4.91,0.094,0.475,28,28,1.27,3.89,68.3,28,50.0,0.8,1.0,1d_tp_pct,3.3,1.6,0.6
0.35,0.8,0.096,-1.1,0.65,43,41,0.095,13,-4.91,0.095,0.475,28,28,1.273,3.94,68.3,28,50.0,0.8,1.0,1d_tp_pct,3.4,1.6,0.6
0.35,0.8,0.097,-1.1,0.652,43,41,0.096,13,-4.91,0.097,0.475,28,28,1.277,3.99,68.3,28,50.0,0.8,1.0,1d_tp_pct,3.5,1.6,0.6
0.35,0.8,0.099,-1.1,0.654,43,41,0.098,13,-4.91,0.098,0.475,28,28,1.28,4.04,68.3,28,50.0,0.8,1.0,1d_tp_pct,3.6,1.6,0.6
0.35,0.8,0.1,-1.1,0.656,43,41,0.099,13,-4.91,0.099,0.475,28,28,1.284,4.09,68.3,28,50.0,0.8,1.0,1d_tp_pct,3.7,1.6,0.6
0.35,0.8,0.092,-1.1,0.645,43,41,0.092,13,-4.91,0.091,0.475,28,28,1.263,3.78,68.3,28,50.0,0.8,1.0,1d_tp_pct,3.8,1.6,0.6
0.35,0.8,0.092,-1.1,0.645,43,41,0.092,13,-4.91,0.091,0.475,28,28,1.263,3.78,68.3,28,50.0,0.8,1.0,1d_tp_pct,3.9,1.6,0.6
0.35,0.8,0.092,-1.1,0.645,43,41,0.092,13,-4.91,0.091,0.475,28,28,1.263,3.78,68.3,28,50.0,0.8,1.0,1d_tp_pct,4.0,1.6,0.6
0.35,0.8,0.092,-1.1,0.645,43,41,0.092,13,-4.91,0.091,0.475,28,28,1.263,3.78,68.3,28,50.0,0.8,1.0,1d_tp_pct,4.1,1.6,0.6
0.35,0.8,0.092,-1.1,0.645,43,41,0.092,13,-4.91,0.091,0.475,28,28,1.263,3.78,68.3,28,50.0,0.8,1.0,1d_tp_pct,4.2,1.6,0.6
0.35,0.8,0.092,-1.1,0.645,43,41,0.092,13,-4.91,0.091,0.475,28,28,1.263,3.78,68.3,28,50.0,0.8,1.0,1d_tp_pct,4.3,1.6,0.6
0.35,0.8,0.092,-1.1,0.645,43,41,0.092,13,-4.91,0.091,0.475,28,28,1.263,3.78,68.3,28,50.0,0.8,1.0,1d_tp_pct,4.4,1.6,0.6
0.35,0.8,0.092,-1.1,0.645,43,41,0.092,13,-4.91,0.091,0.475,28,28,1.263,3.78,68.3,28,50.0,0.8,1.0,1d_tp_pct,4.5,1.6,0.6
0.35,0.8,0.092,-1.1,0.645,43,41,0.092,13,-4.91,0.091,0.475,28,28,1.263,3.78,68.3,28,50.0,0.8,1.0,1d_tp_pct,4.6,1.6,0.6
0.35,0.8,0.092,-1.1,0.645,43,41,0.092,13,-4.91,0.091,0.475,28,28,1.263,3.78,68.3,28,50.0,0.8,1.0,1d_tp_pct,4.7,1.6,0.6
0.35,0.8,0.092,-1.1,0.645,43,41,0.092,13,-4.91,0.091,0.475,28,28,1.263,3.78,68.3,28,50.0,0.8,1.0,1d_tp_pct,4.8,1.6,0.6
0.35,0.8,0.092,-1.1,0.645,43,41,0.092,13,-4.91,0.091,0.475,28,28,1.263,3.78,68.3,28,50.0,0.8,1.0,1d_tp_pct,4.9,1.6,0.6
0.35,0.8,0.092,-1.1,0.645,43,41,0.092,13,-4.91,0.091,0.475,28,28,1.263,3.78,68.3,28,50.0,0.8,1.0,1d_tp_pct,5.0,1.6,0.6
0.35,0.8,0.091,-1.1,0.643,43,41,0.09,13,-4.4,0.09,0.475,28,28,1.259,3.75,68.3,28,50.0,0.8,1.0,1d_trail_activation_pct,5.0,,
0.35,0.8,0.061,-1.1,0.6,43,41,0.061,13,-4.91,0.061,0.475,28,28,1.174,2.52,68.3,28,50.0,0.8,1.0,1d_trail_activation_pct,5.0,0.1,0.6
0.35,0.8,0.061,-1.1,0.6,43,41,0.061,13,-4.91,0.061,0.475,28,28,1.174,2.52,68.3,28,50.0,0.8,1.0,1d_trail_activation_pct,5.0,0.2,0.6
0.35,0.8,0.061,-1.1,0.6,43,41,0.061,13,-4.91,0.061,0.475,28,28,1.174,2.52,68.3,28,50.0,0.8,1.0,1d_trail_activation_pct,5.0,0.3,0.6
0.35,0.8,0.061,-1.1,0.6,43,41,0.061,13,-4.91,0.061,0.475,28,28,1.174,2.52,68.3,28,50.0,0.8,1.0,1d_trail_activation_pct,5.0,0.4,0.6
0.35,0.8,0.061,-1.1,0.6,43,41,0.061,13,-4.91,0.061,0.475,28,28,1.174,2.52,68.3,28,50.0,0.8,1.0,1d_trail_activation_pct,5.0,0.5,0.6
0.35,0.8,0.061,-1.1,0.6,43,41,0.061,13,-4.91,0.061,0.475,28,28,1.174,2.52,68.3,28,50.0,0.8,1.0,1d_trail_activation_pct,5.0,0.6,0.6
0.35,0.8,0.061,-1.1,0.6,43,41,0.061,13,-4.91,0.061,0.475,28,28,1.174,2.52,68.3,28,50.0,0.8,1.0,1d_trail_activation_pct,5.0,0.7,0.6
0.35,0.8,0.061,-1.1,0.6,43,41,0.061,13,-4.91,0.061,0.475,28,28,1.174,2.52,68.3,28,50.0,0.8,1.0,1d_trail_activation_pct,5.0,0.8,0.6
0.35,0.8,0.061,-1.1,0.6,43,41,0.061,13,-4.91,0.061,0.475,28,28,1.174,2.52,68.3,28,50.0,0.8,1.0,1d_trail_activation_pct,5.0,0.9,0.6
0.35,0.8,0.062,-1.1,0.6,43,41,0.061,13,-4.91,0.061,0.475,28,28,1.176,2.54,68.3,28,50.0,0.8,1.0,1d_trail_activation_pct,5.0,1.0,0.6
0.35,0.8,0.06,-1.1,0.596,43,41,0.058,13,-4.91,0.058,0.475,28,28,1.168,2.44,68.3,28,50.0,0.8,1.0,1d_trail_activation_pct,5.0,1.1,0.6
0.35,0.8,0.057,-1.1,0.593,43,41,0.056,13,-4.91,0.056,0.475,28,28,1.162,2.35,68.3,28,50.0,0.8,1.0,1d_trail_activation_pct,5.0,1.2,0.6
0.35,0.8,0.057,-1.1,0.593,43,41,0.056,13,-4.91,0.056,0.475,28,28,1.162,2.35,68.3,28,50.0,0.8,1.0,1d_trail_activation_pct,5.0,1.3,0.6
0.35,0.8,0.057,-1.1,0.593,43,41,0.056,13,-4.91,0.056,0.475,28,28,1.162,2.35,68.3,28,50.0,0.8,1.0,1d_trail_activation_pct,5.0,1.4,0.6
0.35,0.8,0.074,-1.1,0.617,43,41,0.073,13,-4.91,0.073,0.475,28,28,1.209,3.03,68.3,28,50.0,0.8,1.0,1d_trail_activation_pct,5.0,1.5,0.6
0.35,0.8,0.092,-1.1,0.645,43,41,0.092,13,-4.91,0.091,0.475,28,28,1.263,3.78,68.3,28,50.0,0.8,1.0,1d_trail_activation_pct,5.0,1.6,0.6
0.35,0.8,0.092,-1.1,0.645,43,41,0.092,13,-4.91,0.091,0.475,28,28,1.263,3.78,68.3,28,50.0,0.8,1.0,1d_trail_activation_pct,5.0,1.7,0.6
0.35,0.8,0.092,-1.1,0.645,43,41,0.092,13,-4.91,0.091,0.475,28,28,1.263,3.78,68.3,28,50.0,0.8,1.0,1d_trail_activation_pct,5.0,1.8,0.6
0.35,0.8,0.081,-1.1,0.629,43,41,0.081,13,-5.35,0.081,0.475,28,28,1.231,3.34,68.3,28,50.0,0.8,1.0,1d_trail_activation_pct,5.0,1.9,0.6
0.35,0.8,0.081,-1.1,0.629,43,41,0.081,13,-5.35,0.081,0.475,28,28,1.231,3.34,68.3,28,50.0,0.8,1.0,1d_trail_activation_pct,5.0,2.0,0.6
0.35,0.8,0.081,-1.1,0.629,43,41,0.081,13,-5.35,0.081,0.475,28,28,1.231,3.34,68.3,28,50.0,0.8,1.0,1d_trail_activation_pct,5.0,2.1,0.6
0.35,0.8,0.09,-1.1,0.641,43,41,0.089,13,-5.02,0.089,0.475,28,28,1.255,3.67,68.3,28,50.0,0.8,1.0,1d_trail_activation_pct,5.0,2.2,0.6
0.35,0.8,0.09,-1.1,0.641,43,41,0.089,13,-5.02,0.089,0.475,28,28,1.255,3.67,68.3,28,50.0,0.8,1.0,1d_trail_activation_pct,5.0,2.3,0.6
0.35,0.8,0.091,-1.1,0.644,43,41,0.091,13,-5.02,0.091,0.475,28,28,1.26,3.75,68.3,28,50.0,0.8,1.0,1d_trail_activation_pct,5.0,2.4,0.6
0.35,0.8,0.073,-1.1,0.617,43,41,0.073,13,-5.02,0.073,0.475,28,28,1.208,3.01,68.3,28,50.0,0.8,1.0,1d_trail_activation_pct,5.0,2.5,0.6
0.35,0.8,0.075,-1.1,0.619,43,41,0.074,13,-5.02,0.074,0.475,28,28,1.212,3.06,68.3,28,50.0,0.8,1.0,1d_trail_activation_pct,5.0,2.6,0.6
0.35,0.8,0.033,-1.1,0.558,43,41,0.032,13,-5.02,0.032,0.475,28,28,1.092,1.35,68.3,28,50.0,0.8,1.0,1d_trail_activation_pct,5.0,2.7,0.6
0.35,0.8,0.033,-1.1,0.558,43,41,0.032,13,-5.02,0.032,0.475,28,28,1.092,1.35,68.3,28,50.0,0.8,1.0,1d_trail_activation_pct,5.0,2.8,0.6
0.35,0.8,0.04,-1.1,0.568,43,41,0.039,13,-4.73,0.039,0.475,28,28,1.113,1.64,68.3,28,50.0,0.8,1.0,1d_trail_activation_pct,5.0,2.9,0.6
0.35,0.8,0.04,-1.1,0.568,43,41,0.039,13,-4.73,0.039,0.475,28,28,1.113,1.64,68.3,28,50.0,0.8,1.0,1d_trail_activation_pct,5.0,3.0,0.6
0.35,0.8,0.04,-1.1,0.568,43,41,0.039,13,-4.73,0.039,0.475,28,28,1.113,1.64,68.3,28,50.0,0.8,1.0,1d_trail_activation_pct,5.0,3.1,0.6
0.35,0.8,0.04,-1.1,0.568,43,41,0.039,13,-4.73,0.039,0.475,28,28,1.113,1.64,68.3,28,50.0,0.8,1.0,1d_trail_activation_pct,5.0,3.2,0.6
0.35,0.8,0.04,-1.1,0.568,43,41,0.039,13,-4.73,0.039,0.475,28,28,1.113,1.64,68.3,28,50.0,0.8,1.0,1d_trail_activation_pct,5.0,3.3,0.6
0.35,0.8,0.044,-1.1,0.574,43,41,0.043,13,-4.56,0.043,0.475,28,28,1.124,1.81,68.3,28,50.0,0.8,1.0,1d_trail_activation_pct,5.0,3.4,0.6
0.35,0.8,0.044,-1.1,0.574,43,41,0.043,13,-4.56,0.043,0.475,28,28,1.124,1.81,68.3,28,50.0,0.8,1.0,1d_trail_activation_pct,5.0,3.5,0.6
0.35,0.8,0.044,-1.1,0.574,43,41,0.043,13,-4.56,0.043,0.475,28,28,1.124,1.81,68.3,28,50.0,0.8,1.0,1d_trail_activation_pct,5.0,3.6,0.6
0.35,0.8,0.044,-1.1,0.574,43,41,0.043,13,-4.56,0.043,0.475,28,28,1.124,1.81,68.3,28,50.0,0.8,1.0,1d_trail_activation_pct,5.0,3.7,0.6
0.35,0.8,0.061,-1.1,0.598,43,41,0.06,13,-4.4,0.06,0.475,28,28,1.171,2.49,68.3,28,50.0,0.8,1.0,1d_trail_activation_pct,5.0,3.8,0.6
0.35,0.8,0.061,-1.1,0.598,43,41,0.06,13,-4.4,0.06,0.475,28,28,1.171,2.49,68.3,28,50.0,0.8,1.0,1d_trail_activation_pct,5.0,3.9,0.6
0.35,0.8,0.061,-1.1,0.599,43,41,0.06,13,-4.4,0.06,0.475,28,28,1.173,2.51,68.3,28,50.0,0.8,1.0,1d_trail_activation_pct,5.0,4.0,0.6
0.35,0.8,0.068,-1.1,0.608,43,41,0.066,13,-4.4,0.066,0.475,28,28,1.191,2.77,68.3,28,50.0,0.8,1.0,1d_trail_activation_pct,5.0,4.1,0.6
0.35,0.8,0.068,-1.1,0.608,43,41,0.066,13,-4.4,0.066,0.475,28,28,1.191,2.77,68.3,28,50.0,0.8,1.0,1d_trail_activation_pct,5.0,4.2,0.6
0.35,0.8,0.066,-1.1,0.606,43,41,0.065,13,-4.4,0.065,0.475,28,28,1.187,2.72,68.3,28,50.0,0.8,1.0,1d_trail_activation_pct,5.0,4.3,0.6
0.35,0.8,0.066,-1.1,0.606,43,41,0.065,13,-4.4,0.065,0.475,28,28,1.187,2.72,68.3,28,50.0,0.8,1.0,1d_trail_activation_pct,5.0,4.4,0.6
0.35,0.8,0.068,-1.1,0.608,43,41,0.066,13,-4.4,0.066,0.475,28,28,1.191,2.77,68.3,28,50.0,0.8,1.0,1d_trail_activation_pct,5.0,4.5,0.6
0.35,0.8,0.081,-1.1,0.628,43,41,0.08,13,-4.4,0.08,0.475,28,28,1.229,3.32,68.3,28,50.0,0.8,1.0,1d_trail_activation_pct,5.0,4.6,0.6
0.35,0.8,0.081,-1.1,0.628,43,41,0.08,13,-4.4,0.08,0.475,28,28,1.229,3.32,68.3,28,50.0,0.8,1.0,1d_trail_activation_pct,5.0,4.7,0.6
0.35,0.8,0.081,-1.1,0.628,43,41,0.08,13,-4.4,0.08,0.475,28,28,1.229,3.32,68.3,28,50.0,0.8,1.0,1d_trail_activation_pct,5.0,4.8,0.6
0.35,0.8,0.094,-1.1,0.648,43,41,0.094,13,-4.4,0.093,0.475,28,28,1.269,3.87,68.3,28,50.0,0.8,1.0,1d_trail_activation_pct,5.0,4.9,0.6
0.35,0.8,0.094,-1.1,0.648,43,41,0.094,13,-4.4,0.093,0.475,28,28,1.269,3.87,68.3,28,50.0,0.8,1.0,1d_trail_activation_pct,5.0,5.0,0.6
0.35,0.8,0.091,-1.1,0.643,43,41,0.09,13,-4.4,0.09,0.475,28,28,1.259,3.75,68.3,28,50.0,0.8,1.0,1d_trail_distance_pct,5.0,,
0.35,0.8,0.081,-1.1,0.629,43,41,0.081,13,-4.47,0.08,0.475,28,28,1.231,3.33,68.3,28,50.0,0.8,1.0,1d_trail_distance_pct,5.0,1.6,0.1
0.35,0.8,0.074,-1.1,0.618,43,41,0.073,13,-4.57,0.073,0.475,28,28,1.21,3.04,68.3,28,50.0,0.8,1.0,1d_trail_distance_pct,5.0,1.6,0.2
0.35,0.8,0.078,-1.1,0.624,43,41,0.077,13,-4.68,0.077,0.475,28,28,1.221,3.19,68.3,28,50.0,0.8,1.0,1d_trail_distance_pct,5.0,1.6,0.3
0.35,0.8,0.071,-1.1,0.613,43,41,0.07,13,-4.77,0.07,0.475,28,28,1.201,2.9,68.3,28,50.0,0.8,1.0,1d_trail_distance_pct,5.0,1.6,0.4
0.35,0.8,0.073,-1.1,0.616,43,41,0.072,13,-4.87,0.072,0.475,28,28,1.207,2.99,68.3,28,50.0,0.8,1.0,1d_trail_distance_pct,5.0,1.6,0.5
0.35,0.8,0.092,-1.1,0.645,43,41,0.092,13,-4.91,0.091,0.475,28,28,1.263,3.78,68.3,28,50.0,0.8,1.0,1d_trail_distance_pct,5.0,1.6,0.6
0.35,0.8,0.085,-1.1,0.634,43,41,0.084,13,-5.01,0.084,0.475,28,28,1.242,3.49,68.3,28,50.0,0.8,1.0,1d_trail_distance_pct,5.0,1.6,0.7
0.35,0.8,0.078,-1.1,0.624,43,41,0.077,13,-5.11,0.077,0.475,28,28,1.221,3.19,68.3,28,50.0,0.8,1.0,1d_trail_distance_pct,5.0,1.6,0.8
0.35,0.8,0.093,-1.1,0.645,43,41,0.092,13,-4.42,0.092,0.475,28,28,1.264,3.8,68.3,28,50.0,0.8,1.0,1d_trail_distance_pct,5.0,1.6,0.9
0.35,0.8,0.092,-1.1,0.645,43,41,0.092,13,-4.53,0.092,0.475,28,28,1.263,3.78,68.3,28,50.0,0.8,1.0,1d_trail_distance_pct,5.0,1.6,1.0
0.35,0.8,0.085,-1.1,0.634,43,41,0.084,13,-4.63,0.084,0.475,28,28,1.242,3.49,68.3,28,50.0,0.8,1.0,1d_trail_distance_pct,5.0,1.6,1.1
0.35,0.8,0.081,-1.1,0.628,43,41,0.08,13,-4.73,0.08,0.475,28,28,1.23,3.33,68.3,28,50.0,0.8,1.0,1d_trail_distance_pct,5.0,1.6,1.2
0.35,0.8,0.106,-1.1,0.666,43,41,0.106,13,-4.4,0.106,0.475,28,28,1.303,4.36,68.3,28,50.0,0.8,1.0,1d_trail_distance_pct,5.0,1.6,1.3
0.35,0.8,0.1,-1.1,0.657,43,41,0.1,13,-4.4,0.1,0.475,28,28,1.286,4.11,68.3,28,50.0,0.8,1.0,1d_trail_distance_pct,5.0,1.6,1.4
0.35,0.8,0.095,-1.1,0.648,43,41,0.094,13,-4.4,0.094,0.475,28,28,1.269,3.88,68.3,28,50.0,0.8,1.0,1d_trail_distance_pct,5.0,1.6,1.5
0.35,0.8,0.115,-1.1,0.678,43,41,0.114,13,-4.4,0.114,0.475,28,28,1.327,4.71,68.3,28,50.0,0.8,1.0,1d_trail_distance_pct,5.0,1.6,1.6
0.35,0.8,0.111,-1.1,0.672,43,41,0.11,13,-4.4,0.11,0.475,28,28,1.317,4.57,68.3,28,50.0,0.8,1.0,1d_trail_distance_pct,5.0,1.6,1.7
0.35,0.8,0.108,-1.1,0.667,43,41,0.107,13,-4.4,0.107,0.475,28,28,1.306,4.42,68.3,28,50.0,0.8,1.0,1d_trail_distance_pct,5.0,1.6,1.8
0.35,0.8,0.104,-1.1,0.662,43,41,0.103,13,-4.4,0.103,0.475,28,28,1.297,4.27,68.3,28,50.0,0.8,1.0,1d_trail_distance_pct,5.0,1.6,1.9
0.35,0.8,0.1,-1.1,0.657,43,41,0.1,13,-4.4,0.1,0.475,28,28,1.286,4.12,68.3,28,50.0,0.8,1.0,1d_trail_distance_pct,5.0,1.6,2.0
0.35,0.8,0.097,-1.1,0.651,43,41,0.096,13,-4.4,0.096,0.475,28,28,1.276,3.97,68.3,28,50.0,0.8,1.0,1d_trail_distance_pct,5.0,1.6,2.1
0.35,0.8,0.094,-1.1,0.647,43,41,0.093,13,-4.4,0.093,0.475,28,28,1.268,3.86,68.3,28,50.0,0.8,1.0,1d_trail_distance_pct,5.0,1.6,2.2
0.35,0.8,0.092,-1.1,0.644,43,41,0.091,13,-4.4,0.091,0.475,28,28,1.262,3.77,68.3,28,50.0,0.8,1.0,1d_trail_distance_pct,5.0,1.6,2.3
0.35,0.8,0.091,-1.1,0.643,43,41,0.09,13,-4.4,0.09,0.475,28,28,1.259,3.75,68.3,28,50.0,0.8,1.0,1d_trail_distance_pct,5.0,1.6,2.4
0.35,0.8,0.091,-1.1,0.643,43,41,0.09,13,-4.4,0.09,0.475,28,28,1.259,3.75,68.3,28,50.0,0.8,1.0,1d_trail_distance_pct,5.0,1.6,2.5
0.35,0.8,0.091,-1.1,0.643,43,41,0.09,13,-4.4,0.09,0.475,28,28,1.259,3.75,68.3,28,50.0,0.8,1.0,1d_trail_distance_pct,5.0,1.6,2.6
0.35,0.8,0.091,-1.1,0.643,43,41,0.09,13,-4.4,0.09,0.475,28,28,1.259,3.75,68.3,28,50.0,0.8,1.0,1d_trail_distance_pct,5.0,1.6,2.7
0.35,0.8,0.091,-1.1,0.643,43,41,0.09,13,-4.4,0.09,0.475,28,28,1.259,3.75,68.3,28,50.0,0.8,1.0,1d_trail_distance_pct,5.0,1.6,2.8
0.35,0.8,0.091,-1.1,0.643,43,41,0.09,13,-4.4,0.09,0.475,28,28,1.259,3.75,68.3,28,50.0,0.8,1.0,1d_trail_distance_pct,5.0,1.6,2.9
0.35,0.8,0.091,-1.1,0.643,43,41,0.09,13,-4.4,0.09,0.475,28,28,1.259,3.75,68.3,28,50.0,0.8,1.0,1d_trail_distance_pct,5.0,1.6,3.0
0.35,0.8,0.091,-1.1,0.643,43,41,0.09,13,-4.4,0.09,0.475,28,28,1.259,3.75,68.3,28,50.0,0.8,1.0,1d_trail_distance_pct,5.0,1.6,3.1
0.35,0.8,0.091,-1.1,0.643,43,41,0.09,13,-4.4,0.09,0.475,28,28,1.259,3.75,68.3,28,50.0,0.8,1.0,1d_trail_distance_pct,5.0,1.6,3.2
0.35,0.8,0.091,-1.1,0.643,43,41,0.09,13,-4.4,0.09,0.475,28,28,1.259,3.75,68.3,28,50.0,0.8,1.0,1d_trail_distance_pct,5.0,1.6,3.3
0.35,0.8,0.091,-1.1,0.643,43,41,0.09,13,-4.4,0.09,0.475,28,28,1.259,3.75,68.3,28,50.0,0.8,1.0,1d_trail_distance_pct,5.0,1.6,3.4
0.35,0.8,0.091,-1.1,0.643,43,41,0.09,13,-4.4,0.09,0.475,28,28,1.259,3.75,68.3,28,50.0,0.8,1.0,1d_trail_distance_pct,5.0,1.6,3.5
0.35,0.8,0.091,-1.1,0.643,43,41,0.09,13,-4.4,0.09,0.475,28,28,1.259,3.75,68.3,28,50.0,0.8,1.0,1d_trail_distance_pct,5.0,1.6,3.6
0.35,0.8,0.091,-1.1,0.643,43,41,0.09,13,-4.4,0.09,0.475,28,28,1.259,3.75,68.3,28,50.0,0.8,1.0,1d_trail_distance_pct,5.0,1.6,3.7
0.35,0.8,0.091,-1.1,0.643,43,41,0.09,13,-4.4,0.09,0.475,28,28,1.259,3.75,68.3,28,50.0,0.8,1.0,1d_trail_distance_pct,5.0,1.6,3.8
0.35,0.8,0.091,-1.1,0.643,43,41,0.09,13,-4.4,0.09,0.475,28,28,1.259,3.75,68.3,28,50.0,0.8,1.0,1d_trail_distance_pct,5.0,1.6,3.9
0.35,0.8,0.091,-1.1,0.643,43,41,0.09,13,-4.4,0.09,0.475,28,28,1.259,3.75,68.3,28,50.0,0.8,1.0,1d_trail_distance_pct,5.0,1.6,4.0
0.35,0.8,0.091,-1.1,0.643,43,41,0.09,13,-4.4,0.09,0.475,28,28,1.259,3.75,68.3,28,50.0,0.8,1.0,1d_trail_distance_pct,5.0,1.6,4.1
0.35,0.8,0.091,-1.1,0.643,43,41,0.09,13,-4.4,0.09,0.475,28,28,1.259,3.75,68.3,28,50.0,0.8,1.0,1d_trail_distance_pct,5.0,1.6,4.2
0.35,0.8,0.091,-1.1,0.643,43,41,0.09,13,-4.4,0.09,0.475,28,28,1.259,3.75,68.3,28,50.0,0.8,1.0,1d_trail_distance_pct,5.0,1.6,4.3
0.35,0.8,0.091,-1.1,0.643,43,41,0.09,13,-4.4,0.09,0.475,28,28,1.259,3.75,68.3,28,50.0,0.8,1.0,1d_trail_distance_pct,5.0,1.6,4.4
0.35,0.8,0.091,-1.1,0.643,43,41,0.09,13,-4.4,0.09,0.475,28,28,1.259,3.75,68.3,28,50.0,0.8,1.0,1d_trail_distance_pct,5.0,1.6,4.5
0.35,0.8,0.091,-1.1,0.643,43,41,0.09,13,-4.4,0.09,0.475,28,28,1.259,3.75,68.3,28,50.0,0.8,1.0,1d_trail_distance_pct,5.0,1.6,4.6
0.35,0.8,0.091,-1.1,0.643,43,41,0.09,13,-4.4,0.09,0.475,28,28,1.259,3.75,68.3,28,50.0,0.8,1.0,1d_trail_distance_pct,5.0,1.6,4.7
0.35,0.8,0.091,-1.1,0.643,43,41,0.09,13,-4.4,0.09,0.475,28,28,1.259,3.75,68.3,28,50.0,0.8,1.0,1d_trail_distance_pct,5.0,1.6,4.8
0.35,0.8,0.091,-1.1,0.643,43,41,0.09,13,-4.4,0.09,0.475,28,28,1.259,3.75,68.3,28,50.0,0.8,1.0,1d_trail_distance_pct,5.0,1.6,4.9
0.35,0.8,0.091,-1.1,0.643,43,41,0.09,13,-4.4,0.09,0.475,28,28,1.259,3.75,68.3,28,50.0,0.8,1.0,1d_trail_distance_pct,5.0,1.6,5.0
0.35,,-0.087,-0.603,1.161,43,41,-0.087,29,-7.17,-0.087,-0.2,0,28,0.796,-3.56,29.3,12,50.0,0.8,1.0,1d_be_trigger_pct,5.0,1.6,0.6
0.35,0.1,0.299,0.0,0.3,43,41,0.3,0,0.0,0.299,0.25,41,9,,12.27,100.0,41,50.0,0.8,1.0,1d_be_trigger_pct,5.0,1.6,0.6
0.35,0.2,0.299,0.0,0.3,43,41,0.3,0,0.0,0.299,0.25,41,9,,12.27,100.0,41,50.0,0.8,1.0,1d_be_trigger_pct,5.0,1.6,0.6
0.35,0.3,0.233,-1.1,0.302,43,41,0.234,2,-1.1,0.234,0.25,39,9,5.355,9.57,95.1,39,50.0,0.8,1.0,1d_be_trigger_pct,5.0,1.6,0.6
0.35,0.4,0.173,-1.1,0.311,43,41,0.173,4,-2.2,0.173,0.25,37,10,2.614,7.1,90.2,37,50.0,0.8,1.0,1d_be_trigger_pct,5.0,1.6,0.6
0.35,0.5,0.141,-1.1,0.397,43,41,0.141,7,-3.3,0.141,0.25,34,14,1.752,5.79,82.9,34,50.0,0.8,1.0,1d_be_trigger_pct,5.0,1.6,0.6
0.35,0.6,0.084,-1.1,0.466,43,41,0.084,10,-4.4,0.084,0.25,31,19,1.314,3.46,75.6,31,50.0,0.8,1.0,1d_be_trigger_pct,5.0,1.6,0.6
0.35,0.7,0.089,-1.1,0.525,43,41,0.089,11,-4.4,0.089,0.475,30,22,1.301,3.65,73.2,30,50.0,0.8,1.0,1d_be_trigger_pct,5.0,1.6,0.6
0.35,0.8,0.092,-1.1,0.645,43,41,0.092,13,-4.91,0.091,0.475,28,28,1.263,3.78,68.3,28,50.0,0.8,1.0,1d_be_trigger_pct,5.0,1.6,0.6
0.35,0.9,0.084,-1.036,0.663,43,41,0.083,14,-4.91,0.083,0.475,27,28,1.235,3.43,65.9,27,50.0,0.8,1.0,1d_be_trigger_pct,5.0,1.6,0.6
0.35,1.0,0.011,-0.816,0.725,43,41,0.011,19,-4.9,0.011,0.475,22,28,1.029,0.46,53.7,22,50.0,0.8,1.0,1d_be_trigger_pct,5.0,1.6,0.6
0.35,1.1,-0.005,-0.786,0.737,43,41,-0.006,20,-4.9,-0.006,0.475,21,28,0.985,-0.22,51.2,21,50.0,0.8,1.0,1d_be_trigger_pct,5.0,1.6,0.6
0.35,1.2,-0.039,-0.732,0.764,43,41,-0.039,22,-5.69,-0.039,-0.2,19,28,0.901,-1.58,46.3,19,50.0,0.8,1.0,1d_be_trigger_pct,5.0,1.6,0.6
0.35,1.3,-0.062,-0.688,0.819,43,41,-0.063,24,-6.36,-0.063,-0.2,17,28,0.844,-2.56,41.5,17,50.0,0.8,1.0,1d_be_trigger_pct,5.0,1.6,0.6
0.35,1.4,-0.079,-0.668,0.841,43,41,-0.079,25,-7.03,-0.079,-0.2,16,28,0.806,-3.23,39.0,16,50.0,0.8,1.0,1d_be_trigger_pct,5.0,1.6,0.6
0.35,1.5,-0.118,-0.618,0.957,43,41,-0.119,28,-8.36,-0.119,-0.2,13,28,0.719,-4.85,31.7,13,50.0,0.8,1.0,1d_be_trigger_pct,5.0,1.6,0.6
0.35,1.6,-0.112,-0.603,1.074,43,41,-0.112,29,-9.02,-0.112,-0.2,12,28,0.737,-4.61,29.3,12,50.0,0.8,1.0,1d_be_trigger_pct,5.0,1.6,0.6
0.35,1.7,-0.107,-0.603,1.093,43,41,-0.107,29,-9.02,-0.107,-0.2,12,28,0.75,-4.38,29.3,12,50.0,0.8,1.0,1d_be_trigger_pct,5.0,1.6,0.6
0.35,1.8,-0.109,-0.603,1.086,43,41,-0.109,29,-9.11,-0.109,-0.2,12,28,0.745,-4.47,29.3,12,50.0,0.8,1.0,1d_be_trigger_pct,5.0,1.6,0.6
0.35,1.9,-0.111,-0.603,1.08,43,41,-0.11,29,-9.06,-0.111,-0.2,12,28,0.741,-4.55,29.3,12,50.0,0.8,1.0,1d_be_trigger_pct,5.0,1.6,0.6
0.35,2.0,-0.136,-0.59,1.105,43,41,-0.135,30,-10.07,-0.136,-0.2,11,28,0.686,-5.56,26.8,11,50.0,0.8,1.0,1d_be_trigger_pct,5.0,1.6,0.6
0.35,2.1,-0.129,-0.59,1.13,43,41,-0.129,30,-9.78,-0.129,-0.2,11,28,0.702,-5.27,26.8,11,50.0,0.8,1.0,1d_be_trigger_pct,5.0,1.6,0.6
0.35,2.2,-0.105,-0.59,1.219,43,41,-0.105,30,-9.1,-0.105,-0.2,11,28,0.757,-4.29,26.8,11,50.0,0.8,1.0,1d_be_trigger_pct,5.0,1.6,0.6
0.35,2.3,-0.108,-0.59,1.206,43,41,-0.108,30,-9.1,-0.108,-0.2,11,28,0.749,-4.43,26.8,11,50.0,0.8,1.0,1d_be_trigger_pct,5.0,1.6,0.6
0.35,2.4,-0.099,-0.59,1.242,43,41,-0.098,30,-9.1,-0.099,-0.2,11,28,0.771,-4.05,26.8,11,50.0,0.8,1.0,1d_be_trigger_pct,5.0,1.6,0.6
0.35,2.5,-0.131,-0.578,1.255,43,41,-0.131,31,-9.3,-0.131,-0.2,10,28,0.701,-5.36,24.4,10,50.0,0.8,1.0,1d_be_trigger_pct,5.0,1.6,0.6
0.35,2.6,-0.133,-0.578,1.244,43,41,-0.134,31,-9.3,-0.133,-0.2,10,28,0.695,-5.46,24.4,10,50.0,0.8,1.0,1d_be_trigger_pct,5.0,1.6,0.6
0.35,2.7,-0.252,-0.534,1.392,43,41,-0.252,35,-11.62,-0.253,-0.2,6,28,0.447,-10.35,14.6,6,50.0,0.8,1.0,1d_be_trigger_pct,5.0,1.6,0.6
0.35,2.8,-0.252,-0.534,1.392,43,41,-0.252,35,-11.62,-0.253,-0.2,6,28,0.447,-10.35,14.6,6,50.0,0.8,1.0,1d_be_trigger_pct,5.0,1.6,0.6
0.35,2.9,-0.213,-0.534,1.662,43,41,-0.213,35,-9.99,-0.213,-0.2,6,28,0.533,-8.73,14.6,6,50.0,0.8,1.0,1d_be_trigger_pct,5.0,1.6,0.6
0.35,3.0,-0.244,-0.525,1.78,43,41,-0.244,36,-11.29,-0.244,-0.2,5,28,0.471,-10.01,12.2,5,50.0,0.8,1.0,1d_be_trigger_pct,5.0,1.6,0.6
0.35,3.1,-0.247,-0.525,1.76,43,41,-0.246,36,-11.39,-0.246,-0.2,5,28,0.466,-10.11,12.2,5,50.0,0.8,1.0,1d_be_trigger_pct,5.0,1.6,0.6
0.35,3.2,-0.243,-0.525,1.786,43,41,-0.243,36,-11.26,-0.243,-0.2,5,28,0.472,-9.98,12.2,5,50.0,0.8,1.0,1d_be_trigger_pct,5.0,1.6,0.6
0.35,3.3,-0.247,-0.525,1.76,43,41,-0.246,36,-11.39,-0.246,-0.2,5,28,0.466,-10.11,12.2,5,50.0,0.8,1.0,1d_be_trigger_pct,5.0,1.6,0.6
0.35,3.4,-0.24,-0.525,1.81,43,41,-0.24,36,-11.14,-0.24,-0.2,5,28,0.479,-9.86,12.2,5,50.0,0.8,1.0,1d_be_trigger_pct,5.0,1.6,0.6
0.35,3.5,-0.211,-0.525,2.054,43,41,-0.21,36,-9.92,-0.211,-0.2,5,28,0.543,-8.64,12.2,5,50.0,0.8,1.0,1d_be_trigger_pct,5.0,1.6,0.6
0.35,3.6,-0.215,-0.525,2.02,43,41,-0.215,36,-10.08,-0.215,-0.2,5,28,0.534,-8.8,12.2,5,50.0,0.8,1.0,1d_be_trigger_pct,5.0,1.6,0.6
0.35,3.7,-0.217,-0.525,1.998,43,41,-0.217,36,-10.08,-0.217,-0.2,5,28,0.529,-8.9,12.2,5,50.0,0.8,1.0,1d_be_trigger_pct,5.0,1.6,0.6
0.35,3.8,-0.174,-0.525,2.352,43,41,-0.174,36,-9.1,-0.174,-0.2,5,28,0.622,-7.13,12.2,5,50.0,0.8,1.0,1d_be_trigger_pct,5.0,1.6,0.6
0.35,3.9,-0.173,-0.525,2.358,43,41,-0.173,36,-9.08,-0.174,-0.2,5,28,0.624,-7.11,12.2,5,50.0,0.8,1.0,1d_be_trigger_pct,5.0,1.6,0.6
0.35,4.0,-0.175,-0.525,2.346,43,41,-0.175,36,-9.14,-0.175,-0.2,5,28,0.621,-7.17,12.2,5,50.0,0.8,1.0,1d_be_trigger_pct,5.0,1.6,0.6
0.35,4.1,-0.167,-0.525,2.408,43,41,-0.167,36,-8.82,-0.167,-0.2,5,28,0.637,-6.85,12.2,5,50.0,0.8,1.0,1d_be_trigger_pct,5.0,1.6,0.6
0.35,4.2,-0.161,-0.525,2.46,43,41,-0.161,36,-8.87,-0.161,-0.2,5,28,0.651,-6.6,12.2,5,50.0,0.8,1.0,1d_be_trigger_pct,5.0,1.6,0.6
0.35,4.3,-0.161,-0.525,2.46,43,41,-0.161,36,-8.87,-0.161,-0.2,5,28,0.651,-6.6,12.2,5,50.0,0.8,1.0,1d_be_trigger_pct,5.0,1.6,0.6
0.35,4.4,-0.16,-0.525,2.468,43,41,-0.16,36,-8.82,-0.16,-0.2,5,28,0.653,-6.55,12.2,5,50.0,0.8,1.0,1d_be_trigger_pct,5.0,1.6,0.6
0.35,4.5,-0.16,-0.525,2.464,43,41,-0.16,36,-8.84,-0.161,-0.2,5,28,0.652,-6.57,12.2,5,50.0,0.8,1.0,1d_be_trigger_pct,5.0,1.6,0.6
0.35,4.6,-0.143,-0.525,2.602,43,41,-0.144,36,-8.5,-0.144,-0.2,5,28,0.688,-5.88,12.2,5,50.0,0.8,1.0,1d_be_trigger_pct,5.0,1.6,0.6
0.35,4.7,-0.143,-0.525,2.602,43,41,-0.144,36,-8.5,-0.144,-0.2,5,28,0.688,-5.88,12.2,5,50.0,0.8,1.0,1d_be_trigger_pct,5.0,1.6,0.6
0.35,4.8,-0.13,-0.525,2.716,43,41,-0.13,36,-8.5,-0.13,-0.2,5,28,0.719,-5.32,12.2,5,50.0,0.8,1.0,1d_be_trigger_pct,5.0,1.6,0.6
0.35,4.9,-0.116,-0.525,2.83,43,41,-0.116,36,-8.5,-0.116,-0.2,5,28,0.749,-4.75,12.2,5,50.0,0.8,1.0,1d_be_trigger_pct,5.0,1.6,0.6
0.35,5.0,-0.116,-0.525,2.83,43,41,-0.116,36,-8.5,-0.116,-0.2,5,28,0.749,-4.75,12.2,5,50.0,0.8,1.0,1d_be_trigger_pct,5.0,1.6,0.6
0.0,0.8,0.01,-1.1,0.525,43,41,0.01,13,-5.62,0.01,0.3,28,28,1.029,0.41,68.3,28,50.0,0.8,1.0,1d_be_lock_pct,5.0,1.6,0.6
0.1,0.8,0.036,-1.1,0.563,43,41,0.036,13,-5.42,0.036,0.35,28,28,1.102,1.46,68.3,28,50.0,0.8,1.0,1d_be_lock_pct,5.0,1.6,0.6
0.2,0.8,0.061,-1.1,0.6,43,41,0.061,13,-5.22,0.061,0.4,28,28,1.176,2.51,68.3,28,50.0,0.8,1.0,1d_be_lock_pct,5.0,1.6,0.6
0.3,0.8,0.078,-1.1,0.625,43,41,0.078,13,-5.02,0.078,0.45,28,28,1.224,3.2,68.3,28,50.0,0.8,1.0,1d_be_lock_pct,5.0,1.6,0.6
0.4,0.8,0.057,-1.1,0.595,43,41,0.058,13,-5.24,0.057,0.5,28,28,1.165,2.35,68.3,28,50.0,0.8,1.0,1d_be_lock_pct,5.0,1.6,0.6
0.5,0.8,0.088,-1.1,0.64,43,41,0.088,13,-4.99,0.088,0.55,28,28,1.252,3.6,68.3,28,50.0,0.8,1.0,1d_be_lock_pct,5.0,1.6,0.6
0.6,0.8,0.118,-1.1,0.684,43,41,0.118,13,-4.74,0.118,0.6,28,28,1.34,4.85,68.3,28,50.0,0.8,1.0,1d_be_lock_pct,5.0,1.6,0.6
0.7,0.8,0.095,-1.1,0.65,43,41,0.095,13,-4.9,0.095,0.65,28,28,1.273,3.9,68.3,28,50.0,0.8,1.0,1d_be_lock_pct,5.0,1.6,0.6
0.8,0.8,0.129,-1.1,0.7,43,41,0.129,13,-4.6,0.129,0.7,28,28,1.371,5.3,68.3,28,50.0,0.8,1.0,1d_be_lock_pct,5.0,1.6,0.6
0.9,0.8,0.163,-1.1,0.75,43,41,0.163,13,-4.4,0.163,0.75,28,28,1.469,6.7,68.3,28,50.0,0.8,1.0,1d_be_lock_pct,5.0,1.6,0.6
1.0,0.8,0.198,-1.1,0.8,43,41,0.198,13,-4.4,0.198,0.8,28,28,1.566,8.1,68.3,28,50.0,0.8,1.0,1d_be_lock_pct,5.0,1.6,0.6
0.35,0.8,0.054,-1.1,0.59,43,41,0.054,13,-5.25,0.054,0.25,28,0,1.155,2.21,68.3,28,,,1.0,1d_partial_trigger_pct,5.0,1.6,0.6
0.35,0.8,0.028,-0.55,0.295,43,41,0.027,13,-2.61,0.027,0.125,28,41,1.154,1.13,68.3,28,50.0,0.1,1.0,1d_partial_trigger_pct,5.0,1.6,0.6
0.35,0.8,0.078,-0.5,0.345,43,41,0.077,13,-2.0,0.077,0.175,28,41,1.485,3.18,68.3,28,50.0,0.2,1.0,1d_partial_trigger_pct,5.0,1.6,0.6
0.35,0.8,0.096,-0.55,0.395,43,41,0.095,13,-2.22,0.095,0.225,28,39,1.547,3.93,68.3,28,50.0,0.3,1.0,1d_partial_trigger_pct,5.0,1.6,0.6
0.35,0.8,0.109,-0.615,0.445,43,41,0.109,13,-2.72,0.109,0.275,28,37,1.558,4.48,68.3,28,50.0,0.4,1.0,1d_partial_trigger_pct,5.0,1.6,0.6
0.35,0.8,0.1,-0.754,0.495,43,41,0.099,13,-3.32,0.099,0.325,28,34,1.414,4.08,68.3,28,50.0,0.5,1.0,1d_partial_trigger_pct,5.0,1.6,0.6
0.35,0.8,0.082,-0.915,0.545,43,41,0.082,13,-4.4,0.082,0.375,28,31,1.282,3.38,68.3,28,50.0,0.6,1.0,1d_partial_trigger_pct,5.0,1.6,0.6
0.35,0.8,0.1,-0.969,0.595,43,41,0.099,13,-4.4,0.099,0.425,28,30,1.322,4.08,68.3,28,50.0,0.7,1.0,1d_partial_trigger_pct,5.0,1.6,0.6
0.35,0.8,0.092,-1.1,0.645,43,41,0.092,13,-4.91,0.091,0.475,28,28,1.263,3.78,68.3,28,50.0,0.8,1.0,1d_partial_trigger_pct,5.0,1.6,0.6
0.35,0.8,0.099,-1.1,0.656,43,41,0.099,13,-4.61,0.099,0.525,28,24,1.284,4.06,68.3,28,50.0,0.9,1.0,1d_partial_trigger_pct,5.0,1.6,0.6
0.35,0.8,0.072,-1.1,0.617,43,41,0.073,13,-4.97,0.073,0.25,28,17,1.208,2.97,68.3,28,50.0,1.0,1.0,1d_partial_trigger_pct,5.0,1.6,0.6
0.35,0.8,0.075,-1.1,0.621,43,41,0.075,13,-4.77,0.075,0.25,28,15,1.215,3.06,68.3,28,50.0,1.1,1.0,1d_partial_trigger_pct,5.0,1.6,0.6
0.35,0.8,0.062,-1.1,0.602,43,41,0.062,13,-4.57,0.062,0.25,28,12,1.179,2.54,68.3,28,50.0,1.2,1.0,1d_partial_trigger_pct,5.0,1.6,0.6
0.35,0.8,0.077,-1.1,0.624,43,41,0.077,13,-4.4,0.077,0.25,28,12,1.221,3.14,68.3,28,50.0,1.3,1.0,1d_partial_trigger_pct,5.0,1.6,0.6
0.35,0.8,0.079,-1.1,0.626,43,41,0.079,13,-4.4,0.079,0.25,28,11,1.226,3.22,68.3,28,50.0,1.4,1.0,1d_partial_trigger_pct,5.0,1.6,0.6
0.35,0.8,0.078,-1.1,0.625,43,41,0.078,13,-4.54,0.078,0.25,28,10,1.224,3.2,68.3,28,50.0,1.5,1.0,1d_partial_trigger_pct,5.0,1.6,0.6
0.35,0.8,0.06,-1.1,0.599,43,41,0.06,13,-4.4,0.06,0.25,28,8,1.172,2.45,68.3,28,50.0,1.6,1.0,1d_partial_trigger_pct,5.0,1.6,0.6
0.35,0.8,0.07,-1.1,0.613,43,41,0.07,13,-4.4,0.07,0.25,28,8,1.2,2.85,68.3,28,50.0,1.7,1.0,1d_partial_trigger_pct,5.0,1.6,0.6
0.35,0.8,0.079,-1.1,0.627,43,41,0.079,13,-4.4,0.079,0.25,28,8,1.228,3.25,68.3,28,50.0,1.8,1.0,1d_partial_trigger_pct,5.0,1.6,0.6
0.35,0.8,0.081,-1.1,0.629,43,41,0.081,13,-4.4,0.081,0.25,28,7,1.232,3.31,68.3,28,50.0,1.9,1.0,1d_partial_trigger_pct,5.0,1.6,0.6
0.35,0.8,0.089,-1.1,0.642,43,41,0.09,13,-4.4,0.089,0.25,28,7,1.257,3.66,68.3,28,50.0,2.0,1.0,1d_partial_trigger_pct,5.0,1.6,0.6
0.35,0.8,0.098,-1.1,0.654,43,41,0.098,13,-4.4,0.098,0.25,28,7,1.281,4.01,68.3,28,50.0,2.1,1.0,1d_partial_trigger_pct,5.0,1.6,0.6
0.35,0.8,0.098,-1.1,0.655,43,41,0.099,13,-4.4,0.098,0.25,28,6,1.282,4.02,68.3,28,50.0,2.2,1.0,1d_partial_trigger_pct,5.0,1.6,0.6
0.35,0.8,0.105,-1.1,0.665,43,41,0.105,13,-4.4,0.106,0.25,28,6,1.303,4.32,68.3,28,50.0,2.3,1.0,1d_partial_trigger_pct,5.0,1.6,0.6
0.35,0.8,0.105,-1.1,0.665,43,41,0.105,13,-4.4,0.106,0.25,28,5,1.303,4.32,68.3,28,50.0,2.4,1.0,1d_partial_trigger_pct,5.0,1.6,0.6
0.35,0.8,0.103,-1.1,0.662,43,41,0.103,13,-4.4,0.104,0.25,28,4,1.297,4.24,68.3,28,50.0,2.5,1.0,1d_partial_trigger_pct,5.0,1.6,0.6
0.35,0.8,0.108,-1.1,0.67,43,41,0.109,13,-4.4,0.108,0.25,28,4,1.311,4.44,68.3,28,50.0,2.6,1.0,1d_partial_trigger_pct,5.0,1.6,0.6
0.35,0.8,0.077,-1.1,0.624,43,41,0.077,13,-4.4,0.077,0.25,28,2,1.221,3.16,68.3,28,50.0,2.7,1.0,1d_partial_trigger_pct,5.0,1.6,0.6
0.35,0.8,0.08,-1.1,0.627,43,41,0.079,13,-4.4,0.079,0.25,28,2,1.228,3.26,68.3,28,50.0,2.8,1.0,1d_partial_trigger_pct,5.0,1.6,0.6
0.35,0.8,0.051,-1.1,0.585,43,41,0.051,13,-5.25,0.051,0.25,28,1,1.146,2.08,68.3,28,50.0,2.9,1.0,1d_partial_trigger_pct,5.0,1.6,0.6
0.35,0.8,0.052,-1.1,0.587,43,41,0.052,13,-5.25,0.052,0.25,28,1,1.15,2.13,68.3,28,50.0,3.0,1.0,1d_partial_trigger_pct,5.0,1.6,0.6
0.35,0.8,0.053,-1.1,0.589,43,41,0.053,13,-5.25,0.053,0.25,28,1,1.153,2.18,68.3,28,50.0,3.1,1.0,1d_partial_trigger_pct,5.0,1.6,0.6
0.35,0.8,0.054,-1.1,0.591,43,41,0.055,13,-5.25,0.054,0.25,28,1,1.157,2.23,68.3,28,50.0,3.2,1.0,1d_partial_trigger_pct,5.0,1.6,0.6
0.35,0.8,0.056,-1.1,0.593,43,41,0.056,13,-5.25,0.056,0.25,28,1,1.16,2.28,68.3,28,50.0,3.3,1.0,1d_partial_trigger_pct,5.0,1.6,0.6
0.35,0.8,0.057,-1.1,0.594,43,41,0.057,13,-5.25,0.057,0.25,28,1,1.164,2.33,68.3,28,50.0,3.4,1.0,1d_partial_trigger_pct,5.0,1.6,0.6
0.35,0.8,0.058,-1.1,0.596,43,41,0.058,13,-5.25,0.058,0.25,28,1,1.167,2.38,68.3,28,50.0,3.5,1.0,1d_partial_trigger_pct,5.0,1.6,0.6
0.35,0.8,0.059,-1.1,0.598,43,41,0.06,13,-5.25,0.059,0.25,28,1,1.171,2.43,68.3,28,50.0,3.6,1.0,1d_partial_trigger_pct,5.0,1.6,0.6
0.35,0.8,0.06,-1.1,0.6,43,41,0.061,13,-5.25,0.061,0.25,28,1,1.174,2.48,68.3,28,50.0,3.7,1.0,1d_partial_trigger_pct,5.0,1.6,0.6
0.35,0.8,0.054,-1.1,0.59,43,41,0.054,13,-5.25,0.054,0.25,28,0,1.155,2.21,68.3,28,50.0,3.8,1.0,1d_partial_trigger_pct,5.0,1.6,0.6
0.35,0.8,0.054,-1.1,0.59,43,41,0.054,13,-5.25,0.054,0.25,28,0,1.155,2.21,68.3,28,50.0,3.9,1.0,1d_partial_trigger_pct,5.0,1.6,0.6
0.35,0.8,0.054,-1.1,0.59,43,41,0.054,13,-5.25,0.054,0.25,28,0,1.155,2.21,68.3,28,50.0,4.0,1.0,1d_partial_trigger_pct,5.0,1.6,0.6
0.35,0.8,0.054,-1.1,0.59,43,41,0.054,13,-5.25,0.054,0.25,28,0,1.155,2.21,68.3,28,50.0,4.1,1.0,1d_partial_trigger_pct,5.0,1.6,0.6
0.35,0.8,0.054,-1.1,0.59,43,41,0.054,13,-5.25,0.054,0.25,28,0,1.155,2.21,68.3,28,50.0,4.2,1.0,1d_partial_trigger_pct,5.0,1.6,0.6
0.35,0.8,0.054,-1.1,0.59,43,41,0.054,13,-5.25,0.054,0.25,28,0,1.155,2.21,68.3,28,50.0,4.3,1.0,1d_partial_trigger_pct,5.0,1.6,0.6
0.35,0.8,0.054,-1.1,0.59,43,41,0.054,13,-5.25,0.054,0.25,28,0,1.155,2.21,68.3,28,50.0,4.4,1.0,1d_partial_trigger_pct,5.0,1.6,0.6
0.35,0.8,0.054,-1.1,0.59,43,41,0.054,13,-5.25,0.054,0.25,28,0,1.155,2.21,68.3,28,50.0,4.5,1.0,1d_partial_trigger_pct,5.0,1.6,0.6
0.35,0.8,0.054,-1.1,0.59,43,41,0.054,13,-5.25,0.054,0.25,28,0,1.155,2.21,68.3,28,50.0,4.6,1.0,1d_partial_trigger_pct,5.0,1.6,0.6
0.35,0.8,0.054,-1.1,0.59,43,41,0.054,13,-5.25,0.054,0.25,28,0,1.155,2.21,68.3,28,50.0,4.7,1.0,1d_partial_trigger_pct,5.0,1.6,0.6
0.35,0.8,0.054,-1.1,0.59,43,41,0.054,13,-5.25,0.054,0.25,28,0,1.155,2.21,68.3,28,50.0,4.8,1.0,1d_partial_trigger_pct,5.0,1.6,0.6
0.35,0.8,0.054,-1.1,0.59,43,41,0.054,13,-5.25,0.054,0.25,28,0,1.155,2.21,68.3,28,50.0,4.9,1.0,1d_partial_trigger_pct,5.0,1.6,0.6
0.35,0.8,0.054,-1.1,0.59,43,41,0.054,13,-5.25,0.054,0.25,28,0,1.155,2.21,68.3,28,50.0,5.0,1.0,1d_partial_trigger_pct,5.0,1.6,0.6
0.35,0.8,0.052,-1.1,0.591,43,41,0.055,13,-5.25,0.055,0.254,28,28,1.157,2.14,68.3,28,1.0,0.8,1.0,1d_partial_close_pct,5.0,1.6,0.6
0.35,0.8,0.056,-1.1,0.591,43,41,0.055,13,-5.22,0.055,0.255,28,28,1.157,2.28,68.3,28,1.1,0.8,1.0,1d_partial_close_pct,5.0,1.6,0.6
0.35,0.8,0.057,-1.1,0.591,43,41,0.055,13,-5.21,0.055,0.255,28,28,1.157,2.35,68.3,28,1.2,0.8,1.0,1d_partial_close_pct,5.0,1.6,0.6
0.35,0.8,0.057,-1.1,0.591,43,41,0.055,13,-5.22,0.055,0.256,28,28,1.157,2.34,68.3,28,1.3,0.8,1.0,1d_partial_close_pct,5.0,1.6,0.6
0.35,0.8,0.057,-1.1,0.591,43,41,0.055,13,-5.22,0.055,0.256,28,28,1.157,2.33,68.3,28,1.4,0.8,1.0,1d_partial_close_pct,5.0,1.6,0.6
0.35,0.8,0.057,-1.1,0.591,43,41,0.055,13,-5.22,0.055,0.257,28,28,1.157,2.32,68.3,28,1.5,0.8,1.0,1d_partial_close_pct,5.0,1.6,0.6
0.35,0.8,0.057,-1.1,0.591,43,41,0.055,13,-5.22,0.055,0.257,28,28,1.158,2.32,68.3,28,1.6,0.8,1.0,1d_partial_close_pct,5.0,1.6,0.6
0.35,0.8,0.057,-1.1,0.591,43,41,0.055,13,-5.22,0.055,0.258,28,28,1.158,2.32,68.3,28,1.7,0.8,1.0,1d_partial_close_pct,5.0,1.6,0.6
0.35,0.8,0.056,-1.1,0.591,43,41,0.055,13,-5.23,0.055,0.258,28,28,1.158,2.3,68.3,28,1.8,0.8,1.0,1d_partial_close_pct,5.0,1.6,0.6
0.35,0.8,0.056,-1.1,0.592,43,41,0.056,13,-5.23,0.055,0.258,28,28,1.159,2.29,68.3,28,1.9,0.8,1.0,1d_partial_close_pct,5.0,1.6,0.6
0.35,0.8,0.056,-1.1,0.592,43,41,0.056,13,-5.23,0.055,0.259,28,28,1.159,2.29,68.3,28,2.0,0.8,1.0,1d_partial_close_pct,5.0,1.6,0.6
0.35,0.8,0.056,-1.1,0.592,43,41,0.056,13,-5.23,0.055,0.259,28,28,1.159,2.29,68.3,28,2.1,0.8,1.0,1d_partial_close_pct,5.0,1.6,0.6
0.35,0.8,0.056,-1.1,0.592,43,41,0.056,13,-5.23,0.055,0.26,28,28,1.159,2.28,68.3,28,2.2,0.8,1.0,1d_partial_close_pct,5.0,1.6,0.6
0.35,0.8,0.055,-1.1,0.592,43,41,0.056,13,-5.23,0.055,0.26,28,28,1.159,2.27,68.3,28,2.3,0.8,1.0,1d_partial_close_pct,5.0,1.6,0.6
0.35,0.8,0.055,-1.1,0.592,43,41,0.056,13,-5.23,0.056,0.261,28,28,1.159,2.27,68.3,28,2.4,0.8,1.0,1d_partial_close_pct,5.0,1.6,0.6
0.35,0.8,0.055,-1.1,0.593,43,41,0.056,13,-5.23,0.056,0.261,28,28,1.16,2.26,68.3,28,2.5,0.8,1.0,1d_partial_close_pct,5.0,1.6,0.6
0.35,0.8,0.055,-1.1,0.593,43,41,0.056,13,-5.23,0.056,0.262,28,28,1.16,2.25,68.3,28,2.6,0.8,1.0,1d_partial_close_pct,5.0,1.6,0.6
0.35,0.8,0.054,-1.1,0.593,43,41,0.056,13,-5.24,0.056,0.262,28,28,1.16,2.23,68.3,28,2.7,0.8,1.0,1d_partial_close_pct,5.0,1.6,0.6
0.35,0.8,0.054,-1.1,0.593,43,41,0.056,13,-5.24,0.056,0.262,28,28,1.161,2.23,68.3,28,2.8,0.8,1.0,1d_partial_close_pct,5.0,1.6,0.6
0.35,0.8,0.054,-1.1,0.593,43,41,0.056,13,-5.24,0.056,0.263,28,28,1.161,2.23,68.3,28,2.9,0.8,1.0,1d_partial_close_pct,5.0,1.6,0.6
0.35,0.8,0.054,-1.1,0.593,43,41,0.056,13,-5.24,0.056,0.263,28,28,1.161,2.23,68.3,28,3.0,0.8,1.0,1d_partial_close_pct,5.0,1.6,0.6
0.35,0.8,0.054,-1.1,0.593,43,41,0.056,13,-5.24,0.056,0.264,28,28,1.161,2.22,68.3,28,3.1,0.8,1.0,1d_partial_close_pct,5.0,1.6,0.6
0.35,0.8,0.054,-1.1,0.593,43,41,0.056,13,-5.24,0.056,0.264,28,28,1.162,2.21,68.3,28,3.2,0.8,1.0,1d_partial_close_pct,5.0,1.6,0.6
0.35,0.8,0.057,-1.1,0.593,43,41,0.056,13,-5.21,0.056,0.265,28,28,1.162,2.35,68.3,28,3.3,0.8,1.0,1d_partial_close_pct,5.0,1.6,0.6
0.35,0.8,0.059,-1.1,0.593,43,41,0.056,13,-5.2,0.056,0.265,28,28,1.162,2.42,68.3,28,3.4,0.8,1.0,1d_partial_close_pct,5.0,1.6,0.6
0.35,0.8,0.059,-1.1,0.594,43,41,0.057,13,-5.2,0.056,0.266,28,28,1.162,2.41,68.3,28,3.5,0.8,1.0,1d_partial_close_pct,5.0,1.6,0.6
0.35,0.8,0.059,-1.1,0.594,43,41,0.057,13,-5.2,0.056,0.266,28,28,1.162,2.4,68.3,28,3.6,0.8,1.0,1d_partial_close_pct,5.0,1.6,0.6
0.35,0.8,0.059,-1.1,0.594,43,41,0.057,13,-5.2,0.057,0.267,28,28,1.162,2.4,68.3,28,3.7,0.8,1.0,1d_partial_close_pct,5.0,1.6,0.6
0.35,0.8,0.059,-1.1,0.594,43,41,0.057,13,-5.2,0.057,0.267,28,28,1.163,2.4,68.3,28,3.8,0.8,1.0,1d_partial_close_pct,5.0,1.6,0.6
0.35,0.8,0.059,-1.1,0.594,43,41,0.057,13,-5.2,0.057,0.267,28,28,1.163,2.4,68.3,28,3.9,0.8,1.0,1d_partial_close_pct,5.0,1.6,0.6
0.35,0.8,0.058,-1.1,0.594,43,41,0.057,13,-5.2,0.057,0.268,28,28,1.163,2.39,68.3,28,4.0,0.8,1.0,1d_partial_close_pct,5.0,1.6,0.6
0.35,0.8,0.058,-1.1,0.594,43,41,0.057,13,-5.21,0.057,0.268,28,28,1.164,2.36,68.3,28,4.1,0.8,1.0,1d_partial_close_pct,5.0,1.6,0.6
0.35,0.8,0.057,-1.1,0.594,43,41,0.057,13,-5.22,0.057,0.269,28,28,1.164,2.35,68.3,28,4.2,0.8,1.0,1d_partial_close_pct,5.0,1.6,0.6
0.35,0.8,0.057,-1.1,0.594,43,41,0.057,13,-5.22,0.057,0.269,28,28,1.164,2.35,68.3,28,4.3,0.8,1.0,1d_partial_close_pct,5.0,1.6,0.6
0.35,0.8,0.057,-1.1,0.594,43,41,0.057,13,-5.22,0.057,0.27,28,28,1.164,2.34,68.3,28,4.4,0.8,1.0,1d_partial_close_pct,5.0,1.6,0.6
0.35,0.8,0.057,-1.1,0.595,43,41,0.058,13,-5.22,0.057,0.27,28,28,1.164,2.33,68.3,28,4.5,0.8,1.0,1d_partial_close_pct,5.0,1.6,0.6
0.35,0.8,0.057,-1.1,0.595,43,41,0.058,13,-5.22,0.057,0.271,28,28,1.164,2.33,68.3,28,4.6,0.8,1.0,1d_partial_close_pct,5.0,1.6,0.6
0.35,0.8,0.057,-1.1,0.595,43,41,0.058,13,-5.22,0.057,0.271,28,28,1.164,2.33,68.3,28,4.7,0.8,1.0,1d_partial_close_pct,5.0,1.6,0.6
0.35,0.8,0.057,-1.1,0.595,43,41,0.058,13,-5.22,0.057,0.271,28,28,1.165,2.33,68.3,28,4.8,0.8,1.0,1d_partial_close_pct,5.0,1.6,0.6
0.35,0.8,0.056,-1.1,0.595,43,41,0.058,13,-5.22,0.057,0.272,28,28,1.165,2.31,68.3,28,4.9,0.8,1.0,1d_partial_close_pct,5.0,1.6,0.6
0.35,0.8,0.056,-1.1,0.595,43,41,0.058,13,-5.22,0.058,0.272,28,28,1.165,2.31,68.3,28,5.0,0.8,1.0,1d_partial_close_pct,5.0,1.6,0.6
0.35,0.8,0.056,-1.1,0.595,43,41,0.058,13,-5.22,0.058,0.273,28,28,1.166,2.3,68.3,28,5.1,0.8,1.0,1d_partial_close_pct,5.0,1.6,0.6
0.35,0.8,0.056,-1.1,0.595,43,41,0.058,13,-5.22,0.058,0.273,28,28,1.166,2.3,68.3,28,5.2,0.8,1.0,1d_partial_close_pct,5.0,1.6,0.6
0.35,0.8,0.056,-1.1,0.595,43,41,0.058,13,-5.22,0.058,0.274,28,28,1.166,2.29,68.3,28,5.3,0.8,1.0,1d_partial_close_pct,5.0,1.6,0.6
0.35,0.8,0.056,-1.1,0.596,43,41,0.058,13,-5.23,0.058,0.274,28,28,1.166,2.28,68.3,28,5.4,0.8,1.0,1d_partial_close_pct,5.0,1.6,0.6
0.35,0.8,0.055,-1.1,0.596,43,41,0.058,13,-5.23,0.058,0.275,28,28,1.166,2.27,68.3,28,5.5,0.8,1.0,1d_partial_close_pct,5.0,1.6,0.6
0.35,0.8,0.061,-1.1,0.596,43,41,0.058,13,-5.19,0.058,0.275,28,28,1.166,2.49,68.3,28,5.6,0.8,1.0,1d_partial_close_pct,5.0,1.6,0.6
0.35,0.8,0.06,-1.1,0.596,43,41,0.058,13,-5.19,0.058,0.276,28,28,1.166,2.47,68.3,28,5.7,0.8,1.0,1d_partial_close_pct,5.0,1.6,0.6
0.35,0.8,0.06,-1.1,0.596,43,41,0.058,13,-5.19,0.058,0.276,28,28,1.167,2.47,68.3,28,5.8,0.8,1.0,1d_partial_close_pct,5.0,1.6,0.6
0.35,0.8,0.06,-1.1,0.596,43,41,0.058,13,-5.19,0.058,0.276,28,28,1.167,2.47,68.3,28,5.9,0.8,1.0,1d_partial_close_pct,5.0,1.6,0.6
0.35,0.8,0.06,-1.1,0.596,43,41,0.058,13,-5.19,0.058,0.277,28,28,1.167,2.46,68.3,28,6.0,0.8,1.0,1d_partial_close_pct,5.0,1.6,0.6
0.35,0.8,0.06,-1.1,0.596,43,41,0.058,13,-5.19,0.058,0.277,28,28,1.168,2.45,68.3,28,6.1,0.8,1.0,1d_partial_close_pct,5.0,1.6,0.6
0.35,0.8,0.06,-1.1,0.596,43,41,0.058,13,-5.19,0.058,0.278,28,28,1.168,2.45,68.3,28,6.2,0.8,1.0,1d_partial_close_pct,5.0,1.6,0.6
0.35,0.8,0.06,-1.1,0.596,43,41,0.058,13,-5.19,0.059,0.278,28,28,1.168,2.45,68.3,28,6.3,0.8,1.0,1d_partial_close_pct,5.0,1.6,0.6
0.35,0.8,0.06,-1.1,0.597,43,41,0.059,13,-5.19,0.059,0.279,28,28,1.169,2.45,68.3,28,6.4,0.8,1.0,1d_partial_close_pct,5.0,1.6,0.6
0.35,0.8,0.059,-1.1,0.597,43,41,0.059,13,-5.2,0.059,0.279,28,28,1.169,2.42,68.3,28,6.5,0.8,1.0,1d_partial_close_pct,5.0,1.6,0.6
0.35,0.8,0.059,-1.1,0.597,43,41,0.059,13,-5.2,0.059,0.28,28,28,1.169,2.41,68.3,28,6.6,0.8,1.0,1d_partial_close_pct,5.0,1.6,0.6
0.35,0.8,0.059,-1.1,0.597,43,41,0.059,13,-5.2,0.059,0.28,28,28,1.169,2.41,68.3,28,6.7,0.8,1.0,1d_partial_close_pct,5.0,1.6,0.6
0.35,0.8,0.059,-1.1,0.597,43,41,0.059,13,-5.21,0.059,0.28,28,28,1.169,2.4,68.3,28,6.8,0.8,1.0,1d_partial_close_pct,5.0,1.6,0.6
0.35,0.8,0.059,-1.1,0.597,43,41,0.059,13,-5.21,0.059,0.281,28,28,1.169,2.4,68.3,28,6.9,0.8,1.0,1d_partial_close_pct,5.0,1.6,0.6
0.35,0.8,0.058,-1.1,0.598,43,41,0.06,13,-5.21,0.059,0.281,28,28,1.17,2.38,68.3,28,7.0,0.8,1.0,1d_partial_close_pct,5.0,1.6,0.6
0.35,0.8,0.058,-1.1,0.598,43,41,0.06,13,-5.21,0.059,0.282,28,28,1.17,2.38,68.3,28,7.1,0.8,1.0,1d_partial_close_pct,5.0,1.6,0.6
0.35,0.8,0.058,-1.1,0.598,43,41,0.06,13,-5.21,0.059,0.282,28,28,1.17,2.38,68.3,28,7.2,0.8,1.0,1d_partial_close_pct,5.0,1.6,0.6
0.35,0.8,0.058,-1.1,0.598,43,41,0.06,13,-5.21,0.059,0.283,28,28,1.17,2.37,68.3,28,7.3,0.8,1.0,1d_partial_close_pct,5.0,1.6,0.6
0.35,0.8,0.058,-1.1,0.598,43,41,0.06,13,-5.21,0.059,0.283,28,28,1.171,2.36,68.3,28,7.4,0.8,1.0,1d_partial_close_pct,5.0,1.6,0.6
0.35,0.8,0.057,-1.1,0.598,43,41,0.06,13,-5.21,0.059,0.284,28,28,1.171,2.35,68.3,28,7.5,0.8,1.0,1d_partial_close_pct,5.0,1.6,0.6
0.35,0.8,0.057,-1.1,0.598,43,41,0.06,13,-5.21,0.059,0.284,28,28,1.171,2.35,68.3,28,7.6,0.8,1.0,1d_partial_close_pct,5.0,1.6,0.6
0.35,0.8,0.057,-1.1,0.598,43,41,0.06,13,-5.21,0.06,0.284,28,28,1.171,2.35,68.3,28,7.7,0.8,1.0,1d_partial_close_pct,5.0,1.6,0.6
0.35,0.8,0.06,-1.1,0.598,43,41,0.06,13,-5.18,0.06,0.285,28,28,1.171,2.48,68.3,28,7.8,0.8,1.0,1d_partial_close_pct,5.0,1.6,0.6
0.35,0.8,0.062,-1.1,0.598,43,41,0.06,13,-5.17,0.06,0.285,28,28,1.171,2.56,68.3,28,7.9,0.8,1.0,1d_partial_close_pct,5.0,1.6,0.6
0.35,0.8,0.062,-1.1,0.599,43,41,0.06,13,-5.17,0.06,0.286,28,28,1.172,2.55,68.3,28,8.0,0.8,1.0,1d_partial_close_pct,5.0,1.6,0.6
0.35,0.8,0.062,-1.1,0.599,43,41,0.06,13,-5.17,0.06,0.286,28,28,1.172,2.54,68.3,28,8.1,0.8,1.0,1d_partial_close_pct,5.0,1.6,0.6
0.35,0.8,0.062,-1.1,0.599,43,41,0.06,13,-5.18,0.06,0.287,28,28,1.172,2.53,68.3,28,8.2,0.8,1.0,1d_partial_close_pct,5.0,1.6,0.6
0.35,0.8,0.061,-1.1,0.599,43,41,0.06,13,-5.18,0.06,0.287,28,28,1.173,2.52,68.3,28,8.3,0.8,1.0,1d_partial_close_pct,5.0,1.6,0.6
0.35,0.8,0.061,-1.1,0.599,43,41,0.06,13,-5.18,0.06,0.288,28,28,1.173,2.52,68.3,28,8.4,0.8,1.0,1d_partial_close_pct,5.0,1.6,0.6
0.35,0.8,0.061,-1.1,0.599,43,41,0.06,13,-5.18,0.06,0.288,28,28,1.173,2.51,68.3,28,8.5,0.8,1.0,1d_partial_close_pct,5.0,1.6,0.6
0.35,0.8,0.061,-1.1,0.599,43,41,0.06,13,-5.18,0.06,0.288,28,28,1.173,2.51,68.3,28,8.6,0.8,1.0,1d_partial_close_pct,5.0,1.6,0.6
0.35,0.8,0.061,-1.1,0.599,43,41,0.06,13,-5.18,0.06,0.289,28,28,1.173,2.5,68.3,28,8.7,0.8,1.0,1d_partial_close_pct,5.0,1.6,0.6
0.35,0.8,0.061,-1.1,0.599,43,41,0.06,13,-5.19,0.06,0.289,28,28,1.173,2.49,68.3,28,8.8,0.8,1.0,1d_partial_close_pct,5.0,1.6,0.6
0.35,0.8,0.06,-1.1,0.599,43,41,0.06,13,-5.19,0.06,0.29,28,28,1.173,2.47,68.3,28,8.9,0.8,1.0,1d_partial_close_pct,5.0,1.6,0.6
0.35,0.8,0.06,-1.1,0.6,43,41,0.061,13,-5.19,0.061,0.29,28,28,1.174,2.47,68.3,28,9.0,0.8,1.0,1d_partial_close_pct,5.0,1.6,0.6
0.35,0.8,0.06,-1.1,0.6,43,41,0.061,13,-5.19,0.061,0.291,28,28,1.174,2.46,68.3,28,9.1,0.8,1.0,1d_partial_close_pct,5.0,1.6,0.6
0.35,0.8,0.06,-1.1,0.6,43,41,0.061,13,-5.19,0.061,0.291,28,28,1.174,2.46,68.3,28,9.2,0.8,1.0,1d_partial_close_pct,5.0,1.6,0.6
0.35,0.8,0.06,-1.1,0.6,43,41,0.061,13,-5.19,0.061,0.292,28,28,1.175,2.46,68.3,28,9.3,0.8,1.0,1d_partial_close_pct,5.0,1.6,0.6
0.35,0.8,0.06,-1.1,0.6,43,41,0.061,13,-5.19,0.061,0.292,28,28,1.175,2.46,68.3,28,9.4,0.8,1.0,1d_partial_close_pct,5.0,1.6,0.6
0.35,0.8,0.06,-1.1,0.6,43,41,0.061,13,-5.19,0.061,0.293,28,28,1.175,2.44,68.3,28,9.5,0.8,1.0,1d_partial_close_pct,5.0,1.6,0.6
0.35,0.8,0.059,-1.1,0.6,43,41,0.061,13,-5.2,0.061,0.293,28,28,1.176,2.43,68.3,28,9.6,0.8,1.0,1d_partial_close_pct,5.0,1.6,0.6
0.35,0.8,0.059,-1.1,0.6,43,41,0.061,13,-5.2,0.061,0.293,28,28,1.176,2.42,68.3,28,9.7,0.8,1.0,1d_partial_close_pct,5.0,1.6,0.6
0.35,0.8,0.059,-1.1,0.6,43,41,0.061,13,-5.2,0.061,0.294,28,28,1.176,2.42,68.3,28,9.8,0.8,1.0,1d_partial_close_pct,5.0,1.6,0.6
0.35,0.8,0.059,-1.1,0.6,43,41,0.061,13,-5.2,0.061,0.294,28,28,1.176,2.41,68.3,28,9.9,0.8,1.0,1d_partial_close_pct,5.0,1.6,0.6
0.35,0.8,0.062,-1.1,0.601,43,41,0.062,13,-5.17,0.061,0.295,28,28,1.176,2.54,68.3,28,10.0,0.8,1.0,1d_partial_close_pct,5.0,1.6,0.6
0.35,0.8,0.064,-1.1,0.601,43,41,0.062,13,-5.16,0.061,0.295,28,28,1.176,2.62,68.3,28,10.1,0.8,1.0,1d_partial_close_pct,5.0,1.6,0.6
0.35,0.8,0.064,-1.1,0.601,43,41,0.062,13,-5.16,0.061,0.296,28,28,1.176,2.62,68.3,28,10.2,0.8,1.0,1d_partial_close_pct,5.0,1.6,0.6
0.35,0.8,0.064,-1.1,0.601,43,41,0.062,13,-5.16,0.062,0.296,28,28,1.177,2.62,68.3,28,10.3,0.8,1.0,1d_partial_close_pct,5.0,1.6,0.6
0.35,0.8,0.064,-1.1,0.601,43,41,0.062,13,-5.16,0.062,0.297,28,28,1.177,2.61,68.3,28,10.4,0.8,1.0,1d_partial_close_pct,5.0,1.6,0.6
0.35,0.8,0.063,-1.1,0.601,43,41,0.062,13,-5.16,0.062,0.297,28,28,1.177,2.59,68.3,28,10.5,0.8,1.0,1d_partial_close_pct,5.0,1.6,0.6
0.35,0.8,0.063,-1.1,0.601,43,41,0.062,13,-5.16,0.062,0.297,28,28,1.178,2.59,68.3,28,10.6,0.8,1.0,1d_partial_close_pct,5.0,1.6,0.6
0.35,0.8,0.063,-1.1,0.601,43,41,0.062,13,-5.16,0.062,0.298,28,28,1.178,2.59,68.3,28,10.7,0.8,1.0,1d_partial_close_pct,5.0,1.6,0.6
0.35,0.8,0.063,-1.1,0.601,43,41,0.062,13,-5.16,0.062,0.298,28,28,1.178,2.58,68.3,28,10.8,0.8,1.0,1d_partial_close_pct,5.0,1.6,0.6
0.35,0.8,0.063,-1.1,0.602,43,41,0.062,13,-5.16,0.062,0.299,28,28,1.178,2.57,68.3,28,10.9,0.8,1.0,1d_partial_close_pct,5.0,1.6,0.6
0.35,0.8,0.062,-1.1,0.602,43,41,0.062,13,-5.17,0.062,0.299,28,28,1.178,2.56,68.3,28,11.0,0.8,1.0,1d_partial_close_pct,5.0,1.6,0.6
0.35,0.8,0.062,-1.1,0.602,43,41,0.062,13,-5.18,0.062,0.3,28,28,1.178,2.55,68.3,28,11.1,0.8,1.0,1d_partial_close_pct,5.0,1.6,0.6
0.35,0.8,0.062,-1.1,0.602,43,41,0.062,13,-5.18,0.062,0.3,28,28,1.179,2.53,68.3,28,11.2,0.8,1.0,1d_partial_close_pct,5.0,1.6,0.6
0.35,0.8,0.062,-1.1,0.602,43,41,0.062,13,-5.18,0.062,0.301,28,28,1.179,2.53,68.3,28,11.3,0.8,1.0,1d_partial_close_pct,5.0,1.6,0.6
0.35,0.8,0.062,-1.1,0.602,43,41,0.062,13,-5.18,0.062,0.301,28,28,1.179,2.53,68.3,28,11.4,0.8,1.0,1d_partial_close_pct,5.0,1.6,0.6
0.35,0.8,0.061,-1.1,0.602,43,41,0.062,13,-5.18,0.062,0.301,28,28,1.179,2.52,68.3,28,11.5,0.8,1.0,1d_partial_close_pct,5.0,1.6,0.6
0.35,0.8,0.061,-1.1,0.603,43,41,0.063,13,-5.18,0.063,0.302,28,28,1.18,2.52,68.3,28,11.6,0.8,1.0,1d_partial_close_pct,5.0,1.6,0.6
0.35,0.8,0.061,-1.1,0.603,43,41,0.063,13,-5.18,0.063,0.302,28,28,1.18,2.51,68.3,28,11.7,0.8,1.0,1d_partial_close_pct,5.0,1.6,0.6
0.35,0.8,0.061,-1.1,0.603,43,41,0.063,13,-5.18,0.063,0.303,28,28,1.18,2.5,68.3,28,11.8,0.8,1.0,1d_partial_close_pct,5.0,1.6,0.6
0.35,0.8,0.061,-1.1,0.603,43,41,0.063,13,-5.18,0.063,0.303,28,28,1.18,2.5,68.3,28,11.9,0.8,1.0,1d_partial_close_pct,5.0,1.6,0.6
0.35,0.8,0.061,-1.1,0.603,43,41,0.063,13,-5.18,0.063,0.304,28,28,1.18,2.49,68.3,28,12.0,0.8,1.0,1d_partial_close_pct,5.0,1.6,0.6
0.35,0.8,0.06,-1.1,0.603,43,41,0.063,13,-5.18,0.063,0.304,28,28,1.18,2.48,68.3,28,12.1,0.8,1.0,1d_partial_close_pct,5.0,1.6,0.6
0.35,0.8,0.064,-1.1,0.603,43,41,0.063,13,-5.15,0.063,0.305,28,28,1.181,2.62,68.3,28,12.2,0.8,1.0,1d_partial_close_pct,5.0,1.6,0.6
0.35,0.8,0.066,-1.1,0.603,43,41,0.063,13,-5.15,0.063,0.305,28,28,1.181,2.69,68.3,28,12.3,0.8,1.0,1d_partial_close_pct,5.0,1.6,0.6
0.35,0.8,0.066,-1.1,0.603,43,41,0.063,13,-5.15,0.063,0.306,28,28,1.181,2.69,68.3,28,12.4,0.8,1.0,1d_partial_close_pct,5.0,1.6,0.6
0.35,0.8,0.065,-1.1,0.604,43,41,0.064,13,-5.15,0.063,0.306,28,28,1.182,2.67,68.3,28,12.5,0.8,1.0,1d_partial_close_pct,5.0,1.6,0.6
0.35,0.8,0.065,-1.1,0.604,43,41,0.064,13,-5.15,0.063,0.306,28,28,1.182,2.67,68.3,28,12.6,0.8,1.0,1d_partial_close_pct,5.0,1.6,0.6
0.35,0.8,0.065,-1.1,0.604,43,41,0.064,13,-5.15,0.063,0.307,28,28,1.182,2.67,68.3,28,12.7,0.8,1.0,1d_partial_close_pct,5.0,1.6,0.6
0.35,0.8,0.065,-1.1,0.604,43,41,0.064,13,-5.15,0.063,0.307,28,28,1.182,2.65,68.3,28,12.8,0.8,1.0,1d_partial_close_pct,5.0,1.6,0.6
0.35,0.8,0.064,-1.1,0.604,43,41,0.064,13,-5.15,0.064,0.308,28,28,1.183,2.64,68.3,28,12.9,0.8,1.0,1d_partial_close_pct,5.0,1.6,0.6
0.35,0.8,0.064,-1.1,0.604,43,41,0.064,13,-5.15,0.064,0.308,28,28,1.183,2.64,68.3,28,13.0,0.8,1.0,1d_partial_close_pct,5.0,1.6,0.6
0.35,0.8,0.064,-1.1,0.604,43,41,0.064,13,-5.15,0.064,0.309,28,28,1.183,2.64,68.3,28,13.1,0.8,1.0,1d_partial_close_pct,5.0,1.6,0.6
0.35,0.8,0.064,-1.1,0.604,43,41,0.064,13,-5.15,0.064,0.309,28,28,1.183,2.64,68.3,28,13.2,0.8,1.0,1d_partial_close_pct,5.0,1.6,0.6
0.35,0.8,0.064,-1.1,0.604,43,41,0.064,13,-5.15,0.064,0.31,28,28,1.183,2.64,68.3,28,13.3,0.8,1.0,1d_partial_close_pct,5.0,1.6,0.6
0.35,0.8,0.064,-1.1,0.604,43,41,0.064,13,-5.16,0.064,0.31,28,28,1.183,2.62,68.3,28,13.4,0.8,1.0,1d_partial_close_pct,5.0,1.6,0.6
0.35,0.8,0.064,-1.1,0.605,43,41,0.064,13,-5.16,0.064,0.31,28,28,1.184,2.61,68.3,28,13.5,0.8,1.0,1d_partial_close_pct,5.0,1.6,0.6
0.35,0.8,0.063,-1.1,0.605,43,41,0.064,13,-5.16,0.064,0.311,28,28,1.184,2.6,68.3,28,13.6,0.8,1.0,1d_partial_close_pct,5.0,1.6,0.6
0.35,0.8,0.063,-1.1,0.605,43,41,0.064,13,-5.17,0.064,0.311,28,28,1.184,2.59,68.3,28,13.7,0.8,1.0,1d_partial_close_pct,5.0,1.6,0.6
0.35,0.8,0.063,-1.1,0.605,43,41,0.064,13,-5.17,0.064,0.312,28,28,1.185,2.57,68.3,28,13.8,0.8,1.0,1d_partial_close_pct,5.0,1.6,0.6
0.35,0.8,0.063,-1.1,0.605,43,41,0.064,13,-5.17,0.064,0.312,28,28,1.185,2.57,68.3,28,13.9,0.8,1.0,1d_partial_close_pct,5.0,1.6,0.6
0.35,0.8,0.063,-1.1,0.605,43,41,0.064,13,-5.17,0.064,0.313,28,28,1.185,2.57,68.3,28,14.0,0.8,1.0,1d_partial_close_pct,5.0,1.6,0.6
0.35,0.8,0.063,-1.1,0.605,43,41,0.064,13,-5.17,0.064,0.313,28,28,1.185,2.57,68.3,28,14.1,0.8,1.0,1d_partial_close_pct,5.0,1.6,0.6
0.35,0.8,0.062,-1.1,0.605,43,41,0.064,13,-5.17,0.064,0.314,28,28,1.185,2.56,68.3,28,14.2,0.8,1.0,1d_partial_close_pct,5.0,1.6,0.6
0.35,0.8,0.062,-1.1,0.605,43,41,0.064,13,-5.17,0.065,0.314,28,28,1.185,2.56,68.3,28,14.3,0.8,1.0,1d_partial_close_pct,5.0,1.6,0.6
0.35,0.8,0.066,-1.1,0.605,43,41,0.064,13,-5.14,0.065,0.315,28,28,1.185,2.69,68.3,28,14.4,0.8,1.0,1d_partial_close_pct,5.0,1.6,0.6
0.35,0.8,0.067,-1.1,0.606,43,41,0.065,13,-5.13,0.065,0.315,28,28,1.186,2.76,68.3,28,14.5,0.8,1.0,1d_partial_close_pct,5.0,1.6,0.6
0.35,0.8,0.067,-1.1,0.606,43,41,0.065,13,-5.13,0.065,0.316,28,28,1.186,2.75,68.3,28,14.6,0.8,1.0,1d_partial_close_pct,5.0,1.6,0.6
0.35,0.8,0.067,-1.1,0.606,43,41,0.065,13,-5.13,0.065,0.316,28,28,1.186,2.74,68.3,28,14.7,0.8,1.0,1d_partial_close_pct,5.0,1.6,0.6
0.35,0.8,0.067,-1.1,0.606,43,41,0.065,13,-5.13,0.065,0.316,28,28,1.187,2.74,68.3,28,14.8,0.8,1.0,1d_partial_close_pct,5.0,1.6,0.6
0.35,0.8,0.067,-1.1,0.606,43,41,0.065,13,-5.13,0.065,0.317,28,28,1.187,2.74,68.3,28,14.9,0.8,1.0,1d_partial_close_pct,5.0,1.6,0.6
0.35,0.8,0.067,-1.1,0.606,43,41,0.065,13,-5.13,0.065,0.317,28,28,1.187,2.74,68.3,28,15.0,0.8,1.0,1d_partial_close_pct,5.0,1.6,0.6
0.35,0.8,0.066,-1.1,0.606,43,41,0.065,13,-5.14,0.065,0.318,28,28,1.187,2.72,68.3,28,15.1,0.8,1.0,1d_partial_close_pct,5.0,1.6,0.6
0.35,0.8,0.066,-1.1,0.606,43,41,0.065,13,-5.14,0.065,0.318,28,28,1.187,2.71,68.3,28,15.2,0.8,1.0,1d_partial_close_pct,5.0,1.6,0.6
0.35,0.8,0.066,-1.1,0.606,43,41,0.065,13,-5.14,0.065,0.319,28,28,1.187,2.71,68.3,28,15.3,0.8,1.0,1d_partial_close_pct,5.0,1.6,0.6
0.35,0.8,0.066,-1.1,0.607,43,41,0.066,13,-5.14,0.065,0.319,28,28,1.188,2.71,68.3,28,15.4,0.8,1.0,1d_partial_close_pct,5.0,1.6,0.6
0.35,0.8,0.066,-1.1,0.607,43,41,0.066,13,-5.14,0.065,0.32,28,28,1.188,2.69,68.3,28,15.5,0.8,1.0,1d_partial_close_pct,5.0,1.6,0.6
0.35,0.8,0.066,-1.1,0.607,43,41,0.066,13,-5.14,0.066,0.32,28,28,1.188,2.69,68.3,28,15.6,0.8,1.0,1d_partial_close_pct,5.0,1.6,0.6
0.35,0.8,0.065,-1.1,0.607,43,41,0.066,13,-5.15,0.066,0.32,28,28,1.188,2.67,68.3,28,15.7,0.8,1.0,1d_partial_close_pct,5.0,1.6,0.6
0.35,0.8,0.065,-1.1,0.607,43,41,0.066,13,-5.15,0.066,0.321,28,28,1.189,2.67,68.3,28,15.8,0.8,1.0,1d_partial_close_pct,5.0,1.6,0.6
0.35,0.8,0.065,-1.1,0.607,43,41,0.066,13,-5.15,0.066,0.321,28,28,1.189,2.66,68.3,28,15.9,0.8,1.0,1d_partial_close_pct,5.0,1.6,0.6
0.35,0.8,0.065,-1.1,0.607,43,41,0.066,13,-5.15,0.066,0.322,28,28,1.189,2.65,68.3,28,16.0,0.8,1.0,1d_partial_close_pct,5.0,1.6,0.6
0.35,0.8,0.065,-1.1,0.608,43,41,0.066,13,-5.15,0.066,0.322,28,28,1.19,2.65,68.3,28,16.1,0.8,1.0,1d_partial_close_pct,5.0,1.6,0.6
0.35,0.8,0.065,-1.1,0.608,43,41,0.066,13,-5.15,0.066,0.323,28,28,1.19,2.65,68.3,28,16.2,0.8,1.0,1d_partial_close_pct,5.0,1.6,0.6
0.35,0.8,0.065,-1.1,0.608,43,41,0.066,13,-5.15,0.066,0.323,28,28,1.19,2.65,68.3,28,16.3,0.8,1.0,1d_partial_close_pct,5.0,1.6,0.6
0.35,0.8,0.064,-1.1,0.608,43,41,0.066,13,-5.15,0.066,0.324,28,28,1.19,2.64,68.3,28,16.4,0.8,1.0,1d_partial_close_pct,5.0,1.6,0.6
0.35,0.8,0.064,-1.1,0.608,43,41,0.066,13,-5.16,0.066,0.324,28,28,1.19,2.62,68.3,28,16.5,0.8,1.0,1d_partial_close_pct,5.0,1.6,0.6
0.35,0.8,0.064,-1.1,0.608,43,41,0.066,13,-5.16,0.066,0.325,28,28,1.19,2.61,68.3,28,16.6,0.8,1.0,1d_partial_close_pct,5.0,1.6,0.6
0.35,0.8,0.067,-1.1,0.608,43,41,0.066,13,-5.13,0.066,0.325,28,28,1.191,2.75,68.3,28,16.7,0.8,1.0,1d_partial_close_pct,5.0,1.6,0.6
0.35,0.8,0.069,-1.1,0.608,43,41,0.066,13,-5.12,0.066,0.325,28,28,1.191,2.81,68.3,28,16.8,0.8,1.0,1d_partial_close_pct,5.0,1.6,0.6
0.35,0.8,0.069,-1.1,0.608,43,41,0.066,13,-5.12,0.067,0.326,28,28,1.191,2.81,68.3,28,16.9,0.8,1.0,1d_partial_close_pct,5.0,1.6,0.6
0.35,0.8,0.069,-1.1,0.608,43,41,0.066,13,-5.12,0.067,0.326,28,28,1.191,2.81,68.3,28,17.0,0.8,1.0,1d_partial_close_pct,5.0,1.6,0.6
0.35,0.8,0.069,-1.1,0.609,43,41,0.067,13,-5.12,0.067,0.327,28,28,1.192,2.81,68.3,28,17.1,0.8,1.0,1d_partial_close_pct,5.0,1.6,0.6
0.35,0.8,0.068,-1.1,0.609,43,41,0.067,13,-5.12,0.067,0.327,28,28,1.192,2.8,68.3,28,17.2,0.8,1.0,1d_partial_close_pct,5.0,1.6,0.6
0.35,0.8,0.068,-1.1,0.609,43,41,0.067,13,-5.12,0.067,0.328,28,28,1.192,2.8,68.3,28,17.3,0.8,1.0,1d_partial_close_pct,5.0,1.6,0.6
0.35,0.8,0.068,-1.1,0.609,43,41,0.067,13,-5.12,0.067,0.328,28,28,1.192,2.8,68.3,28,17.4,0.8,1.0,1d_partial_close_pct,5.0,1.6,0.6
0.35,0.8,0.068,-1.1,0.609,43,41,0.067,13,-5.12,0.067,0.329,28,28,1.192,2.79,68.3,28,17.5,0.8,1.0,1d_partial_close_pct,5.0,1.6,0.6
0.35,0.8,0.067,-1.1,0.609,43,41,0.067,13,-5.12,0.067,0.329,28,28,1.192,2.76,68.3,28,17.6,0.8,1.0,1d_partial_close_pct,5.0,1.6,0.6
0.35,0.8,0.067,-1.1,0.609,43,41,0.067,13,-5.12,0.067,0.329,28,28,1.193,2.76,68.3,28,17.7,0.8,1.0,1d_partial_close_pct,5.0,1.6,0.6
0.35,0.8,0.067,-1.1,0.609,43,41,0.067,13,-5.12,0.067,0.33,28,28,1.193,2.76,68.3,28,17.8,0.8,1.0,1d_partial_close_pct,5.0,1.6,0.6
0.35,0.8,0.067,-1.1,0.609,43,41,0.067,13,-5.13,0.067,0.33,28,28,1.193,2.75,68.3,28,17.9,0.8,1.0,1d_partial_close_pct,5.0,1.6,0.6
0.35,0.8,0.067,-1.1,0.61,43,41,0.068,13,-5.14,0.067,0.331,28,28,1.194,2.74,68.3,28,18.0,0.8,1.0,1d_partial_close_pct,5.0,1.6,0.6
0.35,0.8,0.067,-1.1,0.61,43,41,0.068,13,-5.14,0.067,0.331,28,28,1.194,2.73,68.3,28,18.1,0.8,1.0,1d_partial_close_pct,5.0,1.6,0.6
0.35,0.8,0.067,-1.1,0.61,43,41,0.068,13,-5.14,0.067,0.332,28,28,1.194,2.73,68.3,28,18.2,0.8,1.0,1d_partial_close_pct,5.0,1.6,0.6
0.35,0.8,0.066,-1.1,0.61,43,41,0.068,13,-5.14,0.068,0.332,28,28,1.194,2.72,68.3,28,18.3,0.8,1.0,1d_partial_close_pct,5.0,1.6,0.6
0.35,0.8,0.066,-1.1,0.61,43,41,0.068,13,-5.14,0.068,0.333,28,28,1.194,2.72,68.3,28,18.4,0.8,1.0,1d_partial_close_pct,5.0,1.6,0.6
0.35,0.8,0.066,-1.1,0.61,43,41,0.068,13,-5.14,0.068,0.333,28,28,1.194,2.7,68.3,28,18.5,0.8,1.0,1d_partial_close_pct,5.0,1.6,0.6
0.35,0.8,0.066,-1.1,0.61,43,41,0.068,13,-5.14,0.068,0.334,28,28,1.194,2.69,68.3,28,18.6,0.8,1.0,1d_partial_close_pct,5.0,1.6,0.6
0.35,0.8,0.066,-1.1,0.61,43,41,0.068,13,-5.14,0.068,0.334,28,28,1.195,2.69,68.3,28,18.7,0.8,1.0,1d_partial_close_pct,5.0,1.6,0.6
0.35,0.8,0.066,-1.1,0.61,43,41,0.068,13,-5.14,0.068,0.334,28,28,1.195,2.69,68.3,28,18.8,0.8,1.0,1d_partial_close_pct,5.0,1.6,0.6
0.35,0.8,0.069,-1.1,0.61,43,41,0.068,13,-5.11,0.068,0.335,28,28,1.195,2.82,68.3,28,18.9,0.8,1.0,1d_partial_close_pct,5.0,1.6,0.6
0.35,0.8,0.071,-1.1,0.611,43,41,0.068,13,-5.1,0.068,0.335,28,28,1.196,2.9,68.3,28,19.0,0.8,1.0,1d_partial_close_pct,5.0,1.6,0.6
0.35,0.8,0.07,-1.1,0.611,43,41,0.068,13,-5.1,0.068,0.336,28,28,1.196,2.89,68.3,28,19.1,0.8,1.0,1d_partial_close_pct,5.0,1.6,0.6
0.35,0.8,0.07,-1.1,0.611,43,41,0.068,13,-5.11,0.068,0.336,28,28,1.196,2.88,68.3,28,19.2,0.8,1.0,1d_partial_close_pct,5.0,1.6,0.6
0.35,0.8,0.07,-1.1,0.611,43,41,0.068,13,-5.11,0.068,0.337,28,28,1.197,2.87,68.3,28,19.3,0.8,1.0,1d_partial_close_pct,5.0,1.6,0.6
0.35,0.8,0.07,-1.1,0.611,43,41,0.068,13,-5.11,0.068,0.337,28,28,1.197,2.87,68.3,28,19.4,0.8,1.0,1d_partial_close_pct,5.0,1.6,0.6
0.35,0.8,0.07,-1.1,0.611,43,41,0.068,13,-5.11,0.068,0.338,28,28,1.197,2.85,68.3,28,19.5,0.8,1.0,1d_partial_close_pct,5.0,1.6,0.6
0.35,0.8,0.07,-1.1,0.611,43,41,0.068,13,-5.11,0.069,0.338,28,28,1.197,2.85,68.3,28,19.6,0.8,1.0,1d_partial_close_pct,5.0,1.6,0.6
0.35,0.8,0.07,-1.1,0.611,43,41,0.068,13,-5.11,0.069,0.338,28,28,1.197,2.85,68.3,28,19.7,0.8,1.0,1d_partial_close_pct,5.0,1.6,0.6
0.35,0.8,0.069,-1.1,0.611,43,41,0.068,13,-5.11,0.069,0.339,28,28,1.197,2.84,68.3,28,19.8,0.8,1.0,1d_partial_close_pct,5.0,1.6,0.6
0.35,0.8,0.069,-1.1,0.611,43,41,0.068,13,-5.11,0.069,0.339,28,28,1.197,2.83,68.3,28,19.9,0.8,1.0,1d_partial_close_pct,5.0,1.6,0.6
0.35,0.8,0.069,-1.1,0.612,43,41,0.069,13,-5.11,0.069,0.34,28,28,1.198,2.83,68.3,28,20.0,0.8,1.0,1d_partial_close_pct,5.0,1.6,0.6
0.35,0.8,0.069,-1.1,0.612,43,41,0.069,13,-5.11,0.069,0.34,28,28,1.198,2.83,68.3,28,20.1,0.8,1.0,1d_partial_close_pct,5.0,1.6,0.6
0.35,0.8,0.069,-1.1,0.612,43,41,0.069,13,-5.11,0.069,0.341,28,28,1.198,2.82,68.3,28,20.2,0.8,1.0,1d_partial_close_pct,5.0,1.6,0.6
0.35,0.8,0.069,-1.1,0.612,43,41,0.069,13,-5.12,0.069,0.341,28,28,1.199,2.81,68.3,28,20.3,0.8,1.0,1d_partial_close_pct,5.0,1.6,0.6
0.35,0.8,0.069,-1.1,0.612,43,41,0.069,13,-5.12,0.069,0.342,28,28,1.199,2.81,68.3,28,20.4,0.8,1.0,1d_partial_close_pct,5.0,1.6,0.6
0.35,0.8,0.068,-1.1,0.612,43,41,0.069,13,-5.12,0.069,0.342,28,28,1.199,2.79,68.3,28,20.5,0.8,1.0,1d_partial_close_pct,5.0,1.6,0.6
0.35,0.8,0.068,-1.1,0.612,43,41,0.069,13,-5.13,0.069,0.343,28,28,1.199,2.77,68.3,28,20.6,0.8,1.0,1d_partial_close_pct,5.0,1.6,0.6
0.35,0.8,0.067,-1.1,0.612,43,41,0.069,13,-5.13,0.069,0.343,28,28,1.199,2.76,68.3,28,20.7,0.8,1.0,1d_partial_close_pct,5.0,1.6,0.6
0.35,0.8,0.067,-1.1,0.612,43,41,0.069,13,-5.13,0.069,0.343,28,28,1.199,2.76,68.3,28,20.8,0.8,1.0,1d_partial_close_pct,5.0,1.6,0.6
0.35,0.8,0.067,-1.1,0.613,43,41,0.07,13,-5.13,0.07,0.344,28,28,1.2,2.76,68.3,28,20.9,0.8,1.0,1d_partial_close_pct,5.0,1.6,0.6
0.35,0.8,0.067,-1.1,0.613,43,41,0.07,13,-5.13,0.07,0.344,28,28,1.2,2.75,68.3,28,21.0,0.8,1.0,1d_partial_close_pct,5.0,1.6,0.6
0.35,0.8,0.07,-1.1,0.613,43,41,0.07,13,-5.1,0.07,0.345,28,28,1.2,2.89,68.3,28,21.1,0.8,1.0,1d_partial_close_pct,5.0,1.6,0.6
0.35,0.8,0.072,-1.1,0.613,43,41,0.07,13,-5.09,0.07,0.345,28,28,1.2,2.97,68.3,28,21.2,0.8,1.0,1d_partial_close_pct,5.0,1.6,0.6
0.35,0.8,0.072,-1.1,0.613,43,41,0.07,13,-5.09,0.07,0.346,28,28,1.201,2.97,68.3,28,21.3,0.8,1.0,1d_partial_close_pct,5.0,1.6,0.6
0.35,0.8,0.072,-1.1,0.613,43,41,0.07,13,-5.09,0.07,0.346,28,28,1.201,2.97,68.3,28,21.4,0.8,1.0,1d_partial_close_pct,5.0,1.6,0.6
0.35,0.8,0.071,-1.1,0.613,43,41,0.07,13,-5.09,0.07,0.346,28,28,1.201,2.93,68.3,28,21.5,0.8,1.0,1d_partial_close_pct,5.0,1.6,0.6
0.35,0.8,0.071,-1.1,0.614,43,41,0.071,13,-5.09,0.07,0.347,28,28,1.201,2.93,68.3,28,21.6,0.8,1.0,1d_partial_close_pct,5.0,1.6,0.6
0.35,0.8,0.071,-1.1,0.614,43,41,0.071,13,-5.09,0.07,0.347,28,28,1.201,2.93,68.3,28,21.7,0.8,1.0,1d_partial_close_pct,5.0,1.6,0.6
0.35,0.8,0.071,-1.1,0.614,43,41,0.071,13,-5.09,0.07,0.348,28,28,1.201,2.93,68.3,28,21.8,0.8,1.0,1d_partial_close_pct,5.0,1.6,0.6
0.35,0.8,0.071,-1.1,0.614,43,41,0.071,13,-5.09,0.07,0.348,28,28,1.202,2.92,68.3,28,21.9,0.8,1.0,1d_partial_close_pct,5.0,1.6,0.6
0.35,0.8,0.071,-1.1,0.614,43,41,0.071,13,-5.1,0.07,0.349,28,28,1.202,2.91,68.3,28,22.0,0.8,1.0,1d_partial_close_pct,5.0,1.6,0.6
0.35,0.8,0.071,-1.1,0.614,43,41,0.071,13,-5.1,0.07,0.349,28,28,1.202,2.91,68.3,28,22.1,0.8,1.0,1d_partial_close_pct,5.0,1.6,0.6
0.35,0.8,0.071,-1.1,0.614,43,41,0.071,13,-5.1,0.071,0.35,28,28,1.203,2.91,68.3,28,22.2,0.8,1.0,1d_partial_close_pct,5.0,1.6,0.6
0.35,0.8,0.07,-1.1,0.614,43,41,0.071,13,-5.1,0.071,0.35,28,28,1.203,2.89,68.3,28,22.3,0.8,1.0,1d_partial_close_pct,5.0,1.6,0.6
0.35,0.8,0.07,-1.1,0.614,43,41,0.071,13,-5.1,0.071,0.351,28,28,1.203,2.88,68.3,28,22.4,0.8,1.0,1d_partial_close_pct,5.0,1.6,0.6
0.35,0.8,0.07,-1.1,0.615,43,41,0.071,13,-5.1,0.071,0.351,28,28,1.203,2.87,68.3,28,22.5,0.8,1.0,1d_partial_close_pct,5.0,1.6,0.6
0.35,0.8,0.07,-1.1,0.615,43,41,0.071,13,-5.1,0.071,0.351,28,28,1.203,2.87,68.3,28,22.6,0.8,1.0,1d_partial_close_pct,5.0,1.6,0.6
0.35,0.8,0.07,-1.1,0.615,43,41,0.071,13,-5.11,0.071,0.352,28,28,1.203,2.85,68.3,28,22.7,0.8,1.0,1d_partial_close_pct,5.0,1.6,0.6
0.35,0.8,0.07,-1.1,0.615,43,41,0.071,13,-5.11,0.071,0.352,28,28,1.203,2.85,68.3,28,22.8,0.8,1.0,1d_partial_close_pct,5.0,1.6,0.6
0.35,0.8,0.07,-1.1,0.615,43,41,0.071,13,-5.11,0.071,0.353,28,28,1.204,2.85,68.3,28,22.9,0.8,1.0,1d_partial_close_pct,5.0,1.6,0.6
0.35,0.8,0.07,-1.1,0.615,43,41,0.071,13,-5.11,0.071,0.353,28,28,1.204,2.85,68.3,28,23.0,0.8,1.0,1d_partial_close_pct,5.0,1.6,0.6
0.35,0.8,0.069,-1.1,0.615,43,41,0.071,13,-5.11,0.071,0.354,28,28,1.204,2.84,68.3,28,23.1,0.8,1.0,1d_partial_close_pct,5.0,1.6,0.6
0.35,0.8,0.069,-1.1,0.615,43,41,0.071,13,-5.11,0.071,0.354,28,28,1.205,2.83,68.3,28,23.2,0.8,1.0,1d_partial_close_pct,5.0,1.6,0.6
0.35,0.8,0.072,-1.1,0.615,43,41,0.071,13,-5.08,0.071,0.355,28,28,1.205,2.97,68.3,28,23.3,0.8,1.0,1d_partial_close_pct,5.0,1.6,0.6
0.35,0.8,0.074,-1.1,0.615,43,41,0.071,13,-5.08,0.071,0.355,28,28,1.205,3.03,68.3,28,23.4,0.8,1.0,1d_partial_close_pct,5.0,1.6,0.6
0.35,0.8,0.074,-1.1,0.616,43,41,0.072,13,-5.08,0.072,0.355,28,28,1.206,3.02,68.3,28,23.5,0.8,1.0,1d_partial_close_pct,5.0,1.6,0.6
0.35,0.8,0.073,-1.1,0.616,43,41,0.072,13,-5.08,0.072,0.356,28,28,1.206,3.01,68.3,28,23.6,0.8,1.0,1d_partial_close_pct,5.0,1.6,0.6
0.35,0.8,0.073,-1.1,0.616,43,41,0.072,13,-5.08,0.072,0.356,28,28,1.206,3.01,68.3,28,23.7,0.8,1.0,1d_partial_close_pct,5.0,1.6,0.6
0.35,0.8,0.073,-1.1,0.616,43,41,0.072,13,-5.08,0.072,0.357,28,28,1.206,3.01,68.3,28,23.8,0.8,1.0,1d_partial_close_pct,5.0,1.6,0.6
0.35,0.8,0.073,-1.1,0.616,43,41,0.072,13,-5.08,0.072,0.357,28,28,1.206,3.0,68.3,28,23.9,0.8,1.0,1d_partial_close_pct,5.0,1.6,0.6
0.35,0.8,0.073,-1.1,0.616,43,41,0.072,13,-5.08,0.072,0.358,28,28,1.206,2.99,68.3,28,24.0,0.8,1.0,1d_partial_close_pct,5.0,1.6,0.6
0.35,0.8,0.073,-1.1,0.616,43,41,0.072,13,-5.08,0.072,0.358,28,28,1.206,2.99,68.3,28,24.1,0.8,1.0,1d_partial_close_pct,5.0,1.6,0.6
0.35,0.8,0.073,-1.1,0.616,43,41,0.072,13,-5.08,0.072,0.359,28,28,1.207,2.99,68.3,28,24.2,0.8,1.0,1d_partial_close_pct,5.0,1.6,0.6
0.35,0.8,0.073,-1.1,0.616,43,41,0.072,13,-5.08,0.072,0.359,28,28,1.207,2.99,68.3,28,24.3,0.8,1.0,1d_partial_close_pct,5.0,1.6,0.6
0.35,0.8,0.072,-1.1,0.616,43,41,0.072,13,-5.08,0.072,0.36,28,28,1.207,2.97,68.3,28,24.4,0.8,1.0,1d_partial_close_pct,5.0,1.6,0.6
0.35,0.8,0.072,-1.1,0.617,43,41,0.073,13,-5.08,0.072,0.36,28,28,1.208,2.96,68.3,28,24.5,0.8,1.0,1d_partial_close_pct,5.0,1.6,0.6
0.35,0.8,0.072,-1.1,0.617,43,41,0.073,13,-5.08,0.072,0.36,28,28,1.208,2.96,68.3,28,24.6,0.8,1.0,1d_partial_close_pct,5.0,1.6,0.6
0.35,0.8,0.072,-1.1,0.617,43,41,0.073,13,-5.08,0.072,0.361,28,28,1.208,2.95,68.3,28,24.7,0.8,1.0,1d_partial_close_pct,5.0,1.6,0.6
0.35,0.8,0.072,-1.1,0.617,43,41,0.073,13,-5.09,0.072,0.361,28,28,1.208,2.94,68.3,28,24.8,0.8,1.0,1d_partial_close_pct,5.0,1.6,0.6
0.35,0.8,0.071,-1.1,0.617,43,41,0.073,13,-5.09,0.073,0.362,28,28,1.208,2.93,68.3,28,24.9,0.8,1.0,1d_partial_close_pct,5.0,1.6,0.6
0.35,0.8,0.071,-1.1,0.617,43,41,0.073,13,-5.1,0.073,0.362,28,28,1.208,2.92,68.3,28,25.0,0.8,1.0,1d_partial_close_pct,5.0,1.6,0.6
0.35,0.8,0.071,-1.1,0.617,43,41,0.073,13,-5.1,0.073,0.363,28,28,1.209,2.92,68.3,28,25.1,0.8,1.0,1d_partial_close_pct,5.0,1.6,0.6
0.35,0.8,0.071,-1.1,0.617,43,41,0.073,13,-5.1,0.073,0.363,28,28,1.209,2.92,68.3,28,25.2,0.8,1.0,1d_partial_close_pct,5.0,1.6,0.6
0.35,0.8,0.071,-1.1,0.617,43,41,0.073,13,-5.1,0.073,0.364,28,28,1.209,2.9,68.3,28,25.3,0.8,1.0,1d_partial_close_pct,5.0,1.6,0.6
0.35,0.8,0.071,-1.1,0.617,43,41,0.073,13,-5.1,0.073,0.364,28,28,1.209,2.9,68.3,28,25.4,0.8,1.0,1d_partial_close_pct,5.0,1.6,0.6
0.35,0.8,0.07,-1.1,0.618,43,41,0.073,13,-5.1,0.073,0.364,28,28,1.21,2.88,68.3,28,25.5,0.8,1.0,1d_partial_close_pct,5.0,1.6,0.6
0.35,0.8,0.074,-1.1,0.618,43,41,0.073,13,-5.07,0.073,0.365,28,28,1.21,3.02,68.3,28,25.6,0.8,1.0,1d_partial_close_pct,5.0,1.6,0.6
0.35,0.8,0.075,-1.1,0.618,43,41,0.073,13,-5.06,0.073,0.365,28,28,1.21,3.09,68.3,28,25.7,0.8,1.0,1d_partial_close_pct,5.0,1.6,0.6
0.35,0.8,0.075,-1.1,0.618,43,41,0.073,13,-5.06,0.073,0.366,28,28,1.21,3.09,68.3,28,25.8,0.8,1.0,1d_partial_close_pct,5.0,1.6,0.6
0.35,0.8,0.075,-1.1,0.618,43,41,0.073,13,-5.06,0.073,0.366,28,28,1.21,3.09,68.3,28,25.9,0.8,1.0,1d_partial_close_pct,5.0,1.6,0.6
0.35,0.8,0.075,-1.1,0.618,43,41,0.073,13,-5.06,0.073,0.367,28,28,1.21,3.09,68.3,28,26.0,0.8,1.0,1d_partial_close_pct,5.0,1.6,0.6
0.35,0.8,0.075,-1.1,0.619,43,41,0.074,13,-5.07,0.073,0.367,28,28,1.211,3.08,68.3,28,26.1,0.8,1.0,1d_partial_close_pct,5.0,1.6,0.6
0.35,0.8,0.075,-1.1,0.619,43,41,0.074,13,-5.07,0.074,0.368,28,28,1.211,3.06,68.3,28,26.2,0.8,1.0,1d_partial_close_pct,5.0,1.6,0.6
0.35,0.8,0.074,-1.1,0.619,43,41,0.074,13,-5.07,0.074,0.368,28,28,1.211,3.05,68.3,28,26.3,0.8,1.0,1d_partial_close_pct,5.0,1.6,0.6
0.35,0.8,0.074,-1.1,0.619,43,41,0.074,13,-5.07,0.074,0.369,28,28,1.212,3.05,68.3,28,26.4,0.8,1.0,1d_partial_close_pct,5.0,1.6,0.6
0.35,0.8,0.074,-1.1,0.619,43,41,0.074,13,-5.07,0.074,0.369,28,28,1.212,3.04,68.3,28,26.5,0.8,1.0,1d_partial_close_pct,5.0,1.6,0.6
0.35,0.8,0.074,-1.1,0.619,43,41,0.074,13,-5.07,0.074,0.369,28,28,1.212,3.03,68.3,28,26.6,0.8,1.0,1d_partial_close_pct,5.0,1.6,0.6
0.35,0.8,0.074,-1.1,0.619,43,41,0.074,13,-5.07,0.074,0.37,28,28,1.212,3.03,68.3,28,26.7,0.8,1.0,1d_partial_close_pct,5.0,1.6,0.6
0.35,0.8,0.074,-1.1,0.619,43,41,0.074,13,-5.07,0.074,0.37,28,28,1.213,3.03,68.3,28,26.8,0.8,1.0,1d_partial_close_pct,5.0,1.6,0.6
0.35,0.8,0.074,-1.1,0.619,43,41,0.074,13,-5.07,0.074,0.371,28,28,1.213,3.03,68.3,28,26.9,0.8,1.0,1d_partial_close_pct,5.0,1.6,0.6
0.35,0.8,0.073,-1.1,0.619,43,41,0.074,13,-5.07,0.074,0.371,28,28,1.213,3.01,68.3,28,27.0,0.8,1.0,1d_partial_close_pct,5.0,1.6,0.6
0.35,0.8,0.073,-1.1,0.62,43,41,0.075,13,-5.07,0.074,0.372,28,28,1.213,3.01,68.3,28,27.1,0.8,1.0,1d_partial_close_pct,5.0,1.6,0.6
0.35,0.8,0.073,-1.1,0.62,43,41,0.075,13,-5.07,0.074,0.372,28,28,1.213,3.01,68.3,28,27.2,0.8,1.0,1d_partial_close_pct,5.0,1.6,0.6
0.35,0.8,0.073,-1.1,0.62,43,41,0.075,13,-5.08,0.074,0.373,28,28,1.213,2.99,68.3,28,27.3,0.8,1.0,1d_partial_close_pct,5.0,1.6,0.6
0.35,0.8,0.073,-1.1,0.62,43,41,0.075,13,-5.08,0.074,0.373,28,28,1.214,2.98,68.3,28,27.4,0.8,1.0,1d_partial_close_pct,5.0,1.6,0.6
0.35,0.8,0.072,-1.1,0.62,43,41,0.075,13,-5.09,0.075,0.373,28,28,1.214,2.96,68.3,28,27.5,0.8,1.0,1d_partial_close_pct,5.0,1.6,0.6
0.35,0.8,0.072,-1.1,0.62,43,41,0.075,13,-5.09,0.075,0.374,28,28,1.214,2.96,68.3,28,27.6,0.8,1.0,1d_partial_close_pct,5.0,1.6,0.6
0.35,0.8,0.072,-1.1,0.62,43,41,0.075,13,-5.09,0.075,0.374,28,28,1.215,2.96,68.3,28,27.7,0.8,1.0,1d_partial_close_pct,5.0,1.6,0.6
0.35,0.8,0.075,-1.1,0.62,43,41,0.075,13,-5.06,0.075,0.375,28,28,1.215,3.09,68.3,28,27.8,0.8,1.0,1d_partial_close_pct,5.0,1.6,0.6
0.35,0.8,0.077,-1.1,0.62,43,41,0.075,13,-5.05,0.075,0.375,28,28,1.215,3.16,68.3,28,27.9,0.8,1.0,1d_partial_close_pct,5.0,1.6,0.6
0.35,0.8,0.077,-1.1,0.62,43,41,0.075,13,-5.05,0.075,0.376,28,28,1.215,3.16,68.3,28,28.0,0.8,1.0,1d_partial_close_pct,5.0,1.6,0.6
0.35,0.8,0.077,-1.1,0.621,43,41,0.075,13,-5.05,0.075,0.376,28,28,1.215,3.16,68.3,28,28.1,0.8,1.0,1d_partial_close_pct,5.0,1.6,0.6
0.35,0.8,0.077,-1.1,0.621,43,41,0.075,13,-5.05,0.075,0.377,28,28,1.215,3.15,68.3,28,28.2,0.8,1.0,1d_partial_close_pct,5.0,1.6,0.6
0.35,0.8,0.077,-1.1,0.621,43,41,0.075,13,-5.05,0.075,0.377,28,28,1.215,3.14,68.3,28,28.3,0.8,1.0,1d_partial_close_pct,5.0,1.6,0.6
0.35,0.8,0.077,-1.1,0.621,43,41,0.075,13,-5.05,0.075,0.378,28,28,1.216,3.14,68.3,28,28.4,0.8,1.0,1d_partial_close_pct,5.0,1.6,0.6
0.35,0.8,0.076,-1.1,0.621,43,41,0.075,13,-5.05,0.075,0.378,28,28,1.216,3.13,68.3,28,28.5,0.8,1.0,1d_partial_close_pct,5.0,1.6,0.6
0.35,0.8,0.076,-1.1,0.621,43,41,0.075,13,-5.05,0.075,0.379,28,28,1.216,3.12,68.3,28,28.6,0.8,1.0,1d_partial_close_pct,5.0,1.6,0.6
0.35,0.8,0.076,-1.1,0.621,43,41,0.075,13,-5.05,0.075,0.379,28,28,1.217,3.11,68.3,28,28.7,0.8,1.0,1d_partial_close_pct,5.0,1.6,0.6
0.35,0.8,0.076,-1.1,0.621,43,41,0.075,13,-5.05,0.075,0.379,28,28,1.217,3.11,68.3,28,28.8,0.8,1.0,1d_partial_close_pct,5.0,1.6,0.6
0.35,0.8,0.076,-1.1,0.621,43,41,0.075,13,-5.06,0.076,0.38,28,28,1.217,3.1,68.3,28,28.9,0.8,1.0,1d_partial_close_pct,5.0,1.6,0.6
0.35,0.8,0.076,-1.1,0.622,43,41,0.076,13,-5.06,0.076,0.38,28,28,1.217,3.1,68.3,28,29.0,0.8,1.0,1d_partial_close_pct,5.0,1.6,0.6
0.35,0.8,0.075,-1.1,0.622,43,41,0.076,13,-5.06,0.076,0.381,28,28,1.217,3.09,68.3,28,29.1,0.8,1.0,1d_partial_close_pct,5.0,1.6,0.6
0.35,0.8,0.075,-1.1,0.622,43,41,0.076,13,-5.06,0.076,0.381,28,28,1.217,3.08,68.3,28,29.2,0.8,1.0,1d_partial_close_pct,5.0,1.6,0.6
0.35,0.8,0.075,-1.1,0.622,43,41,0.076,13,-5.06,0.076,0.382,28,28,1.218,3.08,68.3,28,29.3,0.8,1.0,1d_partial_close_pct,5.0,1.6,0.6
0.35,0.8,0.075,-1.1,0.622,43,41,0.076,13,-5.06,0.076,0.382,28,28,1.218,3.07,68.3,28,29.4,0.8,1.0,1d_partial_close_pct,5.0,1.6,0.6
0.35,0.8,0.075,-1.1,0.622,43,41,0.076,13,-5.06,0.076,0.383,28,28,1.218,3.06,68.3,28,29.5,0.8,1.0,1d_partial_close_pct,5.0,1.6,0.6
0.35,0.8,0.074,-1.1,0.622,43,41,0.076,13,-5.07,0.076,0.383,28,28,1.218,3.04,68.3,28,29.6,0.8,1.0,1d_partial_close_pct,5.0,1.6,0.6
0.35,0.8,0.074,-1.1,0.622,43,41,0.076,13,-5.07,0.076,0.383,28,28,1.219,3.04,68.3,28,29.7,0.8,1.0,1d_partial_close_pct,5.0,1.6,0.6
0.35,0.8,0.074,-1.1,0.622,43,41,0.076,13,-5.07,0.076,0.384,28,28,1.219,3.04,68.3,28,29.8,0.8,1.0,1d_partial_close_pct,5.0,1.6,0.6
0.35,0.8,0.074,-1.1,0.622,43,41,0.076,13,-5.07,0.076,0.384,28,28,1.219,3.04,68.3,28,29.9,0.8,1.0,1d_partial_close_pct,5.0,1.6,0.6
0.35,0.8,0.077,-1.1,0.623,43,41,0.077,13,-5.04,0.076,0.385,28,28,1.22,3.17,68.3,28,30.0,0.8,1.0,1d_partial_close_pct,5.0,1.6,0.6
0.35,0.8,0.079,-1.1,0.623,43,41,0.077,13,-5.03,0.076,0.385,28,28,1.22,3.25,68.3,28,30.1,0.8,1.0,1d_partial_close_pct,5.0,1.6,0.6
0.35,0.8,0.079,-1.1,0.623,43,41,0.077,13,-5.03,0.077,0.386,28,28,1.22,3.23,68.3,28,30.2,0.8,1.0,1d_partial_close_pct,5.0,1.6,0.6
0.35,0.8,0.079,-1.1,0.623,43,41,0.077,13,-5.04,0.077,0.386,28,28,1.22,3.22,68.3,28,30.3,0.8,1.0,1d_partial_close_pct,5.0,1.6,0.6
0.35,0.8,0.078,-1.1,0.623,43,41,0.077,13,-5.04,0.077,0.387,28,28,1.22,3.21,68.3,28,30.4,0.8,1.0,1d_partial_close_pct,5.0,1.6,0.6
0.35,0.8,0.078,-1.1,0.623,43,41,0.077,13,-5.04,0.077,0.387,28,28,1.22,3.2,68.3,28,30.5,0.8,1.0,1d_partial_close_pct,5.0,1.6,0.6
0.35,0.8,0.078,-1.1,0.624,43,41,0.077,13,-5.04,0.077,0.388,28,28,1.221,3.2,68.3,28,30.6,0.8,1.0,1d_partial_close_pct,5.0,1.6,0.6
0.35,0.8,0.078,-1.1,0.624,43,41,0.077,13,-5.04,0.077,0.388,28,28,1.221,3.2,68.3,28,30.7,0.8,1.0,1d_partial_close_pct,5.0,1.6,0.6
0.35,0.8,0.078,-1.1,0.624,43,41,0.077,13,-5.04,0.077,0.388,28,28,1.221,3.19,68.3,28,30.8,0.8,1.0,1d_partial_close_pct,5.0,1.6,0.6
0.35,0.8,0.078,-1.1,0.624,43,41,0.077,13,-5.04,0.077,0.389,28,28,1.221,3.19,68.3,28,30.9,0.8,1.0,1d_partial_close_pct,5.0,1.6,0.6
0.35,0.8,0.078,-1.1,0.624,43,41,0.077,13,-5.04,0.077,0.389,28,28,1.222,3.18,68.3,28,31.0,0.8,1.0,1d_partial_close_pct,5.0,1.6,0.6
0.35,0.8,0.077,-1.1,0.624,43,41,0.077,13,-5.04,0.077,0.39,28,28,1.222,3.17,68.3,28,31.1,0.8,1.0,1d_partial_close_pct,5.0,1.6,0.6
0.35,0.8,0.077,-1.1,0.624,43,41,0.077,13,-5.04,0.077,0.39,28,28,1.222,3.17,68.3,28,31.2,0.8,1.0,1d_partial_close_pct,5.0,1.6,0.6
0.35,0.8,0.077,-1.1,0.624,43,41,0.077,13,-5.04,0.077,0.391,28,28,1.222,3.16,68.3,28,31.3,0.8,1.0,1d_partial_close_pct,5.0,1.6,0.6
0.35,0.8,0.077,-1.1,0.624,43,41,0.077,13,-5.04,0.077,0.391,28,28,1.222,3.16,68.3,28,31.4,0.8,1.0,1d_partial_close_pct,5.0,1.6,0.6
0.35,0.8,0.077,-1.1,0.624,43,41,0.077,13,-5.04,0.078,0.392,28,28,1.222,3.15,68.3,28,31.5,0.8,1.0,1d_partial_close_pct,5.0,1.6,0.6
0.35,0.8,0.077,-1.1,0.625,43,41,0.078,13,-5.04,0.078,0.392,28,28,1.223,3.15,68.3,28,31.6,0.8,1.0,1d_partial_close_pct,5.0,1.6,0.6
0.35,0.8,0.076,-1.1,0.625,43,41,0.078,13,-5.05,0.078,0.392,28,28,1.223,3.13,68.3,28,31.7,0.8,1.0,1d_partial_close_pct,5.0,1.6,0.6
0.35,0.8,0.076,-1.1,0.625,43,41,0.078,13,-5.05,0.078,0.393,28,28,1.223,3.12,68.3,28,31.8,0.8,1.0,1d_partial_close_pct,5.0,1.6,0.6
0.35,0.8,0.076,-1.1,0.625,43,41,0.078,13,-5.06,0.078,0.393,28,28,1.224,3.11,68.3,28,31.9,0.8,1.0,1d_partial_close_pct,5.0,1.6,0.6
0.35,0.8,0.076,-1.1,0.625,43,41,0.078,13,-5.06,0.078,0.394,28,28,1.224,3.11,68.3,28,32.0,0.8,1.0,1d_partial_close_pct,5.0,1.6,0.6
0.35,0.8,0.075,-1.1,0.625,43,41,0.078,13,-5.06,0.078,0.394,28,28,1.224,3.09,68.3,28,32.1,0.8,1.0,1d_partial_close_pct,5.0,1.6,0.6
0.35,0.8,0.079,-1.1,0.625,43,41,0.078,13,-5.03,0.078,0.395,28,28,1.224,3.23,68.3,28,32.2,0.8,1.0,1d_partial_close_pct,5.0,1.6,0.6
0.35,0.8,0.081,-1.1,0.625,43,41,0.078,13,-5.02,0.078,0.395,28,28,1.224,3.31,68.3,28,32.3,0.8,1.0,1d_partial_close_pct,5.0,1.6,0.6
0.35,0.8,0.081,-1.1,0.625,43,41,0.078,13,-5.02,0.078,0.396,28,28,1.224,3.31,68.3,28,32.4,0.8,1.0,1d_partial_close_pct,5.0,1.6,0.6
0.35,0.8,0.08,-1.1,0.625,43,41,0.078,13,-5.02,0.078,0.396,28,28,1.224,3.28,68.3,28,32.5,0.8,1.0,1d_partial_close_pct,5.0,1.6,0.6
0.35,0.8,0.08,-1.1,0.626,43,41,0.079,13,-5.02,0.078,0.397,28,28,1.225,3.28,68.3,28,32.6,0.8,1.0,1d_partial_close_pct,5.0,1.6,0.6
0.35,0.8,0.08,-1.1,0.626,43,41,0.079,13,-5.02,0.078,0.397,28,28,1.225,3.28,68.3,28,32.7,0.8,1.0,1d_partial_close_pct,5.0,1.6,0.6
0.35,0.8,0.08,-1.1,0.626,43,41,0.079,13,-5.02,0.079,0.397,28,28,1.225,3.28,68.3,28,32.8,0.8,1.0,1d_partial_close_pct,5.0,1.6,0.6
0.35,0.8,0.08,-1.1,0.626,43,41,0.079,13,-5.02,0.079,0.398,28,28,1.226,3.28,68.3,28,32.9,0.8,1.0,1d_partial_close_pct,5.0,1.6,0.6
0.35,0.8,0.08,-1.1,0.626,43,41,0.079,13,-5.02,0.079,0.398,28,28,1.226,3.27,68.3,28,33.0,0.8,1.0,1d_partial_close_pct,5.0,1.6,0.6
0.35,0.8,0.079,-1.1,0.626,43,41,0.079,13,-5.03,0.079,0.399,28,28,1.226,3.25,68.3,28,33.1,0.8,1.0,1d_partial_close_pct,5.0,1.6,0.6
0.35,0.8,0.079,-1.1,0.626,43,41,0.079,13,-5.03,0.079,0.399,28,28,1.227,3.25,68.3,28,33.2,0.8,1.0,1d_partial_close_pct,5.0,1.6,0.6
0.35,0.8,0.079,-1.1,0.626,43,41,0.079,13,-5.03,0.079,0.4,28,28,1.227,3.24,68.3,28,33.3,0.8,1.0,1d_partial_close_pct,5.0,1.6,0.6
0.35,0.8,0.079,-1.1,0.626,43,41,0.079,13,-5.03,0.079,0.4,28,28,1.227,3.23,68.3,28,33.4,0.8,1.0,1d_partial_close_pct,5.0,1.6,0.6
0.35,0.8,0.079,-1.1,0.627,43,41,0.079,13,-5.03,0.079,0.401,28,28,1.227,3.22,68.3,28,33.5,0.8,1.0,1d_partial_close_pct,5.0,1.6,0.6
0.35,0.8,0.079,-1.1,0.627,43,41,0.079,13,-5.03,0.079,0.401,28,28,1.227,3.22,68.3,28,33.6,0.8,1.0,1d_partial_close_pct,5.0,1.6,0.6
0.35,0.8,0.079,-1.1,0.627,43,41,0.079,13,-5.03,0.079,0.401,28,28,1.227,3.22,68.3,28,33.7,0.8,1.0,1d_partial_close_pct,5.0,1.6,0.6
0.35,0.8,0.078,-1.1,0.627,43,41,0.079,13,-5.03,0.079,0.402,28,28,1.227,3.21,68.3,28,33.8,0.8,1.0,1d_partial_close_pct,5.0,1.6,0.6
0.35,0.8,0.078,-1.1,0.627,43,41,0.079,13,-5.03,0.079,0.402,28,28,1.228,3.21,68.3,28,33.9,0.8,1.0,1d_partial_close_pct,5.0,1.6,0.6
0.35,0.8,0.078,-1.1,0.627,43,41,0.079,13,-5.03,0.079,0.403,28,28,1.228,3.2,68.3,28,34.0,0.8,1.0,1d_partial_close_pct,5.0,1.6,0.6
0.35,0.8,0.078,-1.1,0.627,43,41,0.079,13,-5.03,0.079,0.403,28,28,1.228,3.19,68.3,28,34.1,0.8,1.0,1d_partial_close_pct,5.0,1.6,0.6
0.35,0.8,0.077,-1.1,0.628,43,41,0.08,13,-5.04,0.08,0.404,28,28,1.229,3.17,68.3,28,34.2,0.8,1.0,1d_partial_close_pct,5.0,1.6,0.6
0.35,0.8,0.077,-1.1,0.628,43,41,0.08,13,-5.04,0.08,0.404,28,28,1.229,3.17,68.3,28,34.3,0.8,1.0,1d_partial_close_pct,5.0,1.6,0.6
0.35,0.8,0.08,-1.1,0.628,43,41,0.08,13,-5.02,0.08,0.405,28,28,1.229,3.3,68.3,28,34.4,0.8,1.0,1d_partial_close_pct,5.0,1.6,0.6
0.35,0.8,0.082,-1.1,0.628,43,41,0.08,13,-5.01,0.08,0.405,28,28,1.229,3.37,68.3,28,34.5,0.8,1.0,1d_partial_close_pct,5.0,1.6,0.6
0.35,0.8,0.082,-1.1,0.628,43,41,0.08,13,-5.01,0.08,0.405,28,28,1.229,3.37,68.3,28,34.6,0.8,1.0,1d_partial_close_pct,5.0,1.6,0.6
0.35,0.8,0.082,-1.1,0.628,43,41,0.08,13,-5.01,0.08,0.406,28,28,1.229,3.36,68.3,28,34.7,0.8,1.0,1d_partial_close_pct,5.0,1.6,0.6
0.35,0.8,0.082,-1.1,0.628,43,41,0.08,13,-5.01,0.08,0.406,28,28,1.23,3.36,68.3,28,34.8,0.8,1.0,1d_partial_close_pct,5.0,1.6,0.6
0.35,0.8,0.082,-1.1,0.628,43,41,0.08,13,-5.01,0.08,0.407,28,28,1.23,3.35,68.3,28,34.9,0.8,1.0,1d_partial_close_pct,5.0,1.6,0.6
0.35,0.8,0.081,-1.1,0.628,43,41,0.08,13,-5.01,0.08,0.407,28,28,1.23,3.34,68.3,28,35.0,0.8,1.0,1d_partial_close_pct,5.0,1.6,0.6
0.35,0.8,0.081,-1.1,0.628,43,41,0.08,13,-5.01,0.08,0.408,28,28,1.23,3.33,68.3,28,35.1,0.8,1.0,1d_partial_close_pct,5.0,1.6,0.6
0.35,0.8,0.081,-1.1,0.629,43,41,0.081,13,-5.01,0.08,0.408,28,28,1.231,3.33,68.3,28,35.2,0.8,1.0,1d_partial_close_pct,5.0,1.6,0.6
0.35,0.8,0.081,-1.1,0.629,43,41,0.081,13,-5.01,0.08,0.409,28,28,1.231,3.33,68.3,28,35.3,0.8,1.0,1d_partial_close_pct,5.0,1.6,0.6
0.35,0.8,0.081,-1.1,0.629,43,41,0.081,13,-5.01,0.08,0.409,28,28,1.231,3.33,68.3,28,35.4,0.8,1.0,1d_partial_close_pct,5.0,1.6,0.6
0.35,0.8,0.081,-1.1,0.629,43,41,0.081,13,-5.01,0.081,0.409,28,28,1.231,3.31,68.3,28,35.5,0.8,1.0,1d_partial_close_pct,5.0,1.6,0.6
0.35,0.8,0.081,-1.1,0.629,43,41,0.081,13,-5.01,0.081,0.41,28,28,1.231,3.31,68.3,28,35.6,0.8,1.0,1d_partial_close_pct,5.0,1.6,0.6
0.35,0.8,0.08,-1.1,0.629,43,41,0.081,13,-5.01,0.081,0.41,28,28,1.231,3.3,68.3,28,35.7,0.8,1.0,1d_partial_close_pct,5.0,1.6,0.6
0.35,0.8,0.08,-1.1,0.629,43,41,0.081,13,-5.02,0.081,0.411,28,28,1.232,3.29,68.3,28,35.8,0.8,1.0,1d_partial_close_pct,5.0,1.6,0.6
0.35,0.8,0.08,-1.1,0.629,43,41,0.081,13,-5.02,0.081,0.411,28,28,1.232,3.28,68.3,28,35.9,0.8,1.0,1d_partial_close_pct,5.0,1.6,0.6
0.35,0.8,0.08,-1.1,0.629,43,41,0.081,13,-5.02,0.081,0.412,28,28,1.232,3.27,68.3,28,36.0,0.8,1.0,1d_partial_close_pct,5.0,1.6,0.6
0.35,0.8,0.08,-1.1,0.63,43,41,0.081,13,-5.02,0.081,0.412,28,28,1.233,3.27,68.3,28,36.1,0.8,1.0,1d_partial_close_pct,5.0,1.6,0.6
0.35,0.8,0.08,-1.1,0.63,43,41,0.081,13,-5.02,0.081,0.413,28,28,1.233,3.27,68.3,28,36.2,0.8,1.0,1d_partial_close_pct,5.0,1.6,0.6
0.35,0.8,0.08,-1.1,0.63,43,41,0.081,13,-5.02,0.081,0.413,28,28,1.233,3.27,68.3,28,36.3,0.8,1.0,1d_partial_close_pct,5.0,1.6,0.6
0.35,0.8,0.08,-1.1,0.63,43,41,0.081,13,-5.02,0.081,0.413,28,28,1.234,3.26,68.3,28,36.4,0.8,1.0,1d_partial_close_pct,5.0,1.6,0.6
0.35,0.8,0.079,-1.1,0.63,43,41,0.081,13,-5.03,0.081,0.414,28,28,1.234,3.23,68.3,28,36.5,0.8,1.0,1d_partial_close_pct,5.0,1.6,0.6
0.35,0.8,0.079,-1.1,0.63,43,41,0.081,13,-5.03,0.081,0.414,28,28,1.234,3.23,68.3,28,36.6,0.8,1.0,1d_partial_close_pct,5.0,1.6,0.6
0.35,0.8,0.082,-1.1,0.63,43,41,0.081,13,-5.0,0.081,0.415,28,28,1.234,3.37,68.3,28,36.7,0.8,1.0,1d_partial_close_pct,5.0,1.6,0.6
0.35,0.8,0.084,-1.1,0.63,43,41,0.081,13,-4.99,0.082,0.415,28,28,1.234,3.44,68.3,28,36.8,0.8,1.0,1d_partial_close_pct,5.0,1.6,0.6
0.35,0.8,0.084,-1.1,0.63,43,41,0.081,13,-4.99,0.082,0.416,28,28,1.234,3.43,68.3,28,36.9,0.8,1.0,1d_partial_close_pct,5.0,1.6,0.6
0.35,0.8,0.084,-1.1,0.63,43,41,0.081,13,-4.99,0.082,0.416,28,28,1.234,3.43,68.3,28,37.0,0.8,1.0,1d_partial_close_pct,5.0,1.6,0.6
0.35,0.8,0.084,-1.1,0.631,43,41,0.082,13,-4.99,0.082,0.417,28,28,1.235,3.43,68.3,28,37.1,0.8,1.0,1d_partial_close_pct,5.0,1.6,0.6
0.35,0.8,0.083,-1.1,0.631,43,41,0.082,13,-5.0,0.082,0.417,28,28,1.235,3.41,68.3,28,37.2,0.8,1.0,1d_partial_close_pct,5.0,1.6,0.6
0.35,0.8,0.083,-1.1,0.631,43,41,0.082,13,-5.0,0.082,0.418,28,28,1.235,3.4,68.3,28,37.3,0.8,1.0,1d_partial_close_pct,5.0,1.6,0.6
0.35,0.8,0.083,-1.1,0.631,43,41,0.082,13,-5.0,0.082,0.418,28,28,1.236,3.4,68.3,28,37.4,0.8,1.0,1d_partial_close_pct,5.0,1.6,0.6
0.35,0.8,0.083,-1.1,0.631,43,41,0.082,13,-5.0,0.082,0.418,28,28,1.236,3.39,68.3,28,37.5,0.8,1.0,1d_partial_close_pct,5.0,1.6,0.6
0.35,0.8,0.083,-1.1,0.631,43,41,0.082,13,-5.0,0.082,0.419,28,28,1.236,3.39,68.3,28,37.6,0.8,1.0,1d_partial_close_pct,5.0,1.6,0.6
0.35,0.8,0.082,-1.1,0.631,43,41,0.082,13,-5.0,0.082,0.419,28,28,1.236,3.38,68.3,28,37.7,0.8,1.0,1d_partial_close_pct,5.0,1.6,0.6
0.35,0.8,0.082,-1.1,0.631,43,41,0.082,13,-5.0,0.082,0.42,28,28,1.236,3.38,68.3,28,37.8,0.8,1.0,1d_partial_close_pct,5.0,1.6,0.6
0.35,0.8,0.082,-1.1,0.631,43,41,0.082,13,-5.0,0.082,0.42,28,28,1.236,3.37,68.3,28,37.9,0.8,1.0,1d_partial_close_pct,5.0,1.6,0.6
0.35,0.8,0.082,-1.1,0.631,43,41,0.082,13,-5.0,0.082,0.421,28,28,1.236,3.37,68.3,28,38.0,0.8,1.0,1d_partial_close_pct,5.0,1.6,0.6
0.35,0.8,0.082,-1.1,0.632,43,41,0.083,13,-5.0,0.083,0.421,28,28,1.237,3.35,68.3,28,38.1,0.8,1.0,1d_partial_close_pct,5.0,1.6,0.6
0.35,0.8,0.082,-1.1,0.632,43,41,0.083,13,-5.0,0.083,0.422,28,28,1.237,3.35,68.3,28,38.2,0.8,1.0,1d_partial_close_pct,5.0,1.6,0.6
0.35,0.8,0.082,-1.1,0.632,43,41,0.083,13,-5.0,0.083,0.422,28,28,1.237,3.35,68.3,28,38.3,0.8,1.0,1d_partial_close_pct,5.0,1.6,0.6
0.35,0.8,0.082,-1.1,0.632,43,41,0.083,13,-5.0,0.083,0.422,28,28,1.238,3.35,68.3,28,38.4,0.8,1.0,1d_partial_close_pct,5.0,1.6,0.6
0.35,0.8,0.081,-1.1,0.632,43,41,0.083,13,-5.0,0.083,0.423,28,28,1.238,3.33,68.3,28,38.5,0.8,1.0,1d_partial_close_pct,5.0,1.6,0.6
0.35,0.8,0.081,-1.1,0.632,43,41,0.083,13,-5.01,0.083,0.423,28,28,1.238,3.32,68.3,28,38.6,0.8,1.0,1d_partial_close_pct,5.0,1.6,0.6
0.35,0.8,0.081,-1.1,0.633,43,41,0.084,13,-5.01,0.083,0.424,28,28,1.238,3.32,68.3,28,38.7,0.8,1.0,1d_partial_close_pct,5.0,1.6,0.6
0.35,0.8,0.08,-1.1,0.633,43,41,0.084,13,-5.02,0.083,0.424,28,28,1.238,3.3,68.3,28,38.8,0.8,1.0,1d_partial_close_pct,5.0,1.6,0.6
0.35,0.8,0.083,-1.1,0.633,43,41,0.084,13,-4.99,0.083,0.425,28,28,1.238,3.42,68.3,28,38.9,0.8,1.0,1d_partial_close_pct,5.0,1.6,0.6
0.35,0.8,0.085,-1.1,0.633,43,41,0.084,13,-4.98,0.083,0.425,28,28,1.239,3.5,68.3,28,39.0,0.8,1.0,1d_partial_close_pct,5.0,1.6,0.6
0.35,0.8,0.085,-1.1,0.633,43,41,0.084,13,-4.98,0.083,0.426,28,28,1.239,3.5,68.3,28,39.1,0.8,1.0,1d_partial_close_pct,5.0,1.6,0.6
0.35,0.8,0.085,-1.1,0.633,43,41,0.084,13,-4.98,0.083,0.426,28,28,1.239,3.5,68.3,28,39.2,0.8,1.0,1d_partial_close_pct,5.0,1.6,0.6
0.35,0.8,0.085,-1.1,0.633,43,41,0.084,13,-4.98,0.083,0.427,28,28,1.239,3.5,68.3,28,39.3,0.8,1.0,1d_partial_close_pct,5.0,1.6,0.6
0.35,0.8,0.085,-1.1,0.633,43,41,0.084,13,-4.98,0.084,0.427,28,28,1.24,3.49,68.3,28,39.4,0.8,1.0,1d_partial_close_pct,5.0,1.6,0.6
0.35,0.8,0.085,-1.1,0.633,43,41,0.084,13,-4.98,0.084,0.427,28,28,1.24,3.48,68.3,28,39.5,0.8,1.0,1d_partial_close_pct,5.0,1.6,0.6
0.35,0.8,0.085,-1.1,0.633,43,41,0.084,13,-4.98,0.084,0.428,28,28,1.24,3.48,68.3,28,39.6,0.8,1.0,1d_partial_close_pct,5.0,1.6,0.6
0.35,0.8,0.085,-1.1,0.634,43,41,0.084,13,-4.98,0.084,0.428,28,28,1.241,3.47,68.3,28,39.7,0.8,1.0,1d_partial_close_pct,5.0,1.6,0.6
0.35,0.8,0.084,-1.1,0.634,43,41,0.084,13,-4.98,0.084,0.429,28,28,1.241,3.45,68.3,28,39.8,0.8,1.0,1d_partial_close_pct,5.0,1.6,0.6
0.35,0.8,0.084,-1.1,0.634,43,41,0.084,13,-4.98,0.084,0.429,28,28,1.241,3.45,68.3,28,39.9,0.8,1.0,1d_partial_close_pct,5.0,1.6,0.6
0.35,0.8,0.084,-1.1,0.634,43,41,0.084,13,-4.99,0.084,0.43,28,28,1.241,3.44,68.3,28,40.0,0.8,1.0,1d_partial_close_pct,5.0,1.6,0.6
0.35,0.8,0.084,-1.1,0.634,43,41,0.084,13,-4.99,0.084,0.43,28,28,1.241,3.44,68.3,28,40.1,0.8,1.0,1d_partial_close_pct,5.0,1.6,0.6
0.35,0.8,0.084,-1.1,0.634,43,41,0.084,13,-4.99,0.084,0.431,28,28,1.241,3.43,68.3,28,40.2,0.8,1.0,1d_partial_close_pct,5.0,1.6,0.6
0.35,0.8,0.084,-1.1,0.634,43,41,0.084,13,-4.99,0.084,0.431,28,28,1.242,3.43,68.3,28,40.3,0.8,1.0,1d_partial_close_pct,5.0,1.6,0.6
0.35,0.8,0.083,-1.1,0.634,43,41,0.084,13,-4.99,0.084,0.431,28,28,1.242,3.42,68.3,28,40.4,0.8,1.0,1d_partial_close_pct,5.0,1.6,0.6
0.35,0.8,0.083,-1.1,0.634,43,41,0.084,13,-4.99,0.084,0.432,28,28,1.242,3.41,68.3,28,40.5,0.8,1.0,1d_partial_close_pct,5.0,1.6,0.6
0.35,0.8,0.083,-1.1,0.635,43,41,0.085,13,-4.99,0.084,0.432,28,28,1.243,3.4,68.3,28,40.6,0.8,1.0,1d_partial_close_pct,5.0,1.6,0.6
0.35,0.8,0.083,-1.1,0.635,43,41,0.085,13,-4.99,0.084,0.433,28,28,1.243,3.4,68.3,28,40.7,0.8,1.0,1d_partial_close_pct,5.0,1.6,0.6
0.35,0.8,0.083,-1.1,0.635,43,41,0.085,13,-4.99,0.085,0.433,28,28,1.243,3.39,68.3,28,40.8,0.8,1.0,1d_partial_close_pct,5.0,1.6,0.6
0.35,0.8,0.083,-1.1,0.635,43,41,0.085,13,-4.99,0.085,0.434,28,28,1.243,3.39,68.3,28,40.9,0.8,1.0,1d_partial_close_pct,5.0,1.6,0.6
0.35,0.8,0.083,-1.1,0.635,43,41,0.085,13,-4.99,0.085,0.434,28,28,1.243,3.39,68.3,28,41.0,0.8,1.0,1d_partial_close_pct,5.0,1.6,0.6
0.35,0.8,0.086,-1.1,0.635,43,41,0.085,13,-4.96,0.085,0.435,28,28,1.243,3.52,68.3,28,41.1,0.8,1.0,1d_partial_close_pct,5.0,1.6,0.6
0.35,0.8,0.087,-1.1,0.635,43,41,0.085,13,-4.96,0.085,0.435,28,28,1.243,3.58,68.3,28,41.2,0.8,1.0,1d_partial_close_pct,5.0,1.6,0.6
0.35,0.8,0.087,-1.1,0.635,43,41,0.085,13,-4.97,0.085,0.436,28,28,1.244,3.57,68.3,28,41.3,0.8,1.0,1d_partial_close_pct,5.0,1.6,0.6
0.35,0.8,0.087,-1.1,0.635,43,41,0.085,13,-4.97,0.085,0.436,28,28,1.244,3.57,68.3,28,41.4,0.8,1.0,1d_partial_close_pct,5.0,1.6,0.6
0.35,0.8,0.087,-1.1,0.635,43,41,0.085,13,-4.97,0.085,0.436,28,28,1.244,3.55,68.3,28,41.5,0.8,1.0,1d_partial_close_pct,5.0,1.6,0.6
0.35,0.8,0.087,-1.1,0.636,43,41,0.086,13,-4.97,0.085,0.437,28,28,1.245,3.55,68.3,28,41.6,0.8,1.0,1d_partial_close_pct,5.0,1.6,0.6
0.35,0.8,0.086,-1.1,0.636,43,41,0.086,13,-4.97,0.085,0.437,28,28,1.245,3.54,68.3,28,41.7,0.8,1.0,1d_partial_close_pct,5.0,1.6,0.6
0.35,0.8,0.086,-1.1,0.636,43,41,0.086,13,-4.97,0.085,0.438,28,28,1.245,3.54,68.3,28,41.8,0.8,1.0,1d_partial_close_pct,5.0,1.6,0.6
0.35,0.8,0.086,-1.1,0.636,43,41,0.086,13,-4.97,0.085,0.438,28,28,1.245,3.53,68.3,28,41.9,0.8,1.0,1d_partial_close_pct,5.0,1.6,0.6
0.35,0.8,0.086,-1.1,0.636,43,41,0.086,13,-4.97,0.085,0.439,28,28,1.245,3.52,68.3,28,42.0,0.8,1.0,1d_partial_close_pct,5.0,1.6,0.6
0.35,0.8,0.086,-1.1,0.636,43,41,0.086,13,-4.97,0.086,0.439,28,28,1.245,3.52,68.3,28,42.1,0.8,1.0,1d_partial_close_pct,5.0,1.6,0.6
0.35,0.8,0.086,-1.1,0.636,43,41,0.086,13,-4.97,0.086,0.44,28,28,1.245,3.52,68.3,28,42.2,0.8,1.0,1d_partial_close_pct,5.0,1.6,0.6
0.35,0.8,0.086,-1.1,0.636,43,41,0.086,13,-4.97,0.086,0.44,28,28,1.246,3.51,68.3,28,42.3,0.8,1.0,1d_partial_close_pct,5.0,1.6,0.6
0.35,0.8,0.086,-1.1,0.636,43,41,0.086,13,-4.97,0.086,0.441,28,28,1.246,3.51,68.3,28,42.4,0.8,1.0,1d_partial_close_pct,5.0,1.6,0.6
0.35,0.8,0.085,-1.1,0.636,43,41,0.086,13,-4.97,0.086,0.441,28,28,1.246,3.5,68.3,28,42.5,0.8,1.0,1d_partial_close_pct,5.0,1.6,0.6
0.35,0.8,0.085,-1.1,0.637,43,41,0.086,13,-4.97,0.086,0.441,28,28,1.247,3.5,68.3,28,42.6,0.8,1.0,1d_partial_close_pct,5.0,1.6,0.6
0.35,0.8,0.085,-1.1,0.637,43,41,0.086,13,-4.98,0.086,0.442,28,28,1.247,3.48,68.3,28,42.7,0.8,1.0,1d_partial_close_pct,5.0,1.6,0.6
0.35,0.8,0.084,-1.1,0.637,43,41,0.086,13,-4.98,0.086,0.442,28,28,1.247,3.46,68.3,28,42.8,0.8,1.0,1d_partial_close_pct,5.0,1.6,0.6
0.35,0.8,0.084,-1.1,0.637,43,41,0.086,13,-4.98,0.086,0.443,28,28,1.248,3.46,68.3,28,42.9,0.8,1.0,1d_partial_close_pct,5.0,1.6,0.6
0.35,0.8,0.084,-1.1,0.637,43,41,0.086,13,-4.98,0.086,0.443,28,28,1.248,3.46,68.3,28,43.0,0.8,1.0,1d_partial_close_pct,5.0,1.6,0.6
0.35,0.8,0.084,-1.1,0.637,43,41,0.086,13,-4.98,0.086,0.444,28,28,1.248,3.46,68.3,28,43.1,0.8,1.0,1d_partial_close_pct,5.0,1.6,0.6
0.35,0.8,0.084,-1.1,0.638,43,41,0.087,13,-4.98,0.086,0.444,28,28,1.248,3.45,68.3,28,43.2,0.8,1.0,1d_partial_close_pct,5.0,1.6,0.6
0.35,0.8,0.088,-1.1,0.638,43,41,0.087,13,-4.95,0.086,0.445,28,28,1.248,3.59,68.3,28,43.3,0.8,1.0,1d_partial_close_pct,5.0,1.6,0.6
0.35,0.8,0.09,-1.1,0.638,43,41,0.087,13,-4.94,0.087,0.445,28,28,1.248,3.67,68.3,28,43.4,0.8,1.0,1d_partial_close_pct,5.0,1.6,0.6
0.35,0.8,0.089,-1.1,0.638,43,41,0.087,13,-4.95,0.087,0.446,28,28,1.248,3.65,68.3,28,43.5,0.8,1.0,1d_partial_close_pct,5.0,1.6,0.6
0.35,0.8,0.089,-1.1,0.638,43,41,0.087,13,-4.95,0.087,0.446,28,28,1.249,3.63,68.3,28,43.6,0.8,1.0,1d_partial_close_pct,5.0,1.6,0.6
0.35,0.8,0.088,-1.1,0.638,43,41,0.087,13,-4.95,0.087,0.446,28,28,1.249,3.62,68.3,28,43.7,0.8,1.0,1d_partial_close_pct,5.0,1.6,0.6
0.35,0.8,0.088,-1.1,0.638,43,41,0.087,13,-4.95,0.087,0.447,28,28,1.249,3.62,68.3,28,43.8,0.8,1.0,1d_partial_close_pct,5.0,1.6,0.6
0.35,0.8,0.088,-1.1,0.638,43,41,0.087,13,-4.95,0.087,0.447,28,28,1.25,3.62,68.3,28,43.9,0.8,1.0,1d_partial_close_pct,5.0,1.6,0.6
0.35,0.8,0.088,-1.1,0.638,43,41,0.087,13,-4.95,0.087,0.448,28,28,1.25,3.61,68.3,28,44.0,0.8,1.0,1d_partial_close_pct,5.0,1.6,0.6
0.35,0.8,0.088,-1.1,0.638,43,41,0.087,13,-4.96,0.087,0.448,28,28,1.25,3.6,68.3,28,44.1,0.8,1.0,1d_partial_close_pct,5.0,1.6,0.6
0.35,0.8,0.088,-1.1,0.639,43,41,0.088,13,-4.96,0.087,0.449,28,28,1.25,3.6,68.3,28,44.2,0.8,1.0,1d_partial_close_pct,5.0,1.6,0.6
0.35,0.8,0.088,-1.1,0.639,43,41,0.088,13,-4.96,0.087,0.449,28,28,1.25,3.6,68.3,28,44.3,0.8,1.0,1d_partial_close_pct,5.0,1.6,0.6
0.35,0.8,0.088,-1.1,0.639,43,41,0.088,13,-4.96,0.087,0.45,28,28,1.25,3.59,68.3,28,44.4,0.8,1.0,1d_partial_close_pct,5.0,1.6,0.6
0.35,0.8,0.087,-1.1,0.639,43,41,0.088,13,-4.96,0.087,0.45,28,28,1.251,3.57,68.3,28,44.5,0.8,1.0,1d_partial_close_pct,5.0,1.6,0.6
0.35,0.8,0.087,-1.1,0.639,43,41,0.088,13,-4.96,0.087,0.45,28,28,1.251,3.56,68.3,28,44.6,0.8,1.0,1d_partial_close_pct,5.0,1.6,0.6
0.35,0.8,0.087,-1.1,0.639,43,41,0.088,13,-4.96,0.087,0.451,28,28,1.251,3.56,68.3,28,44.7,0.8,1.0,1d_partial_close_pct,5.0,1.6,0.6
0.35,0.8,0.087,-1.1,0.639,43,41,0.088,13,-4.96,0.088,0.451,28,28,1.252,3.56,68.3,28,44.8,0.8,1.0,1d_partial_close_pct,5.0,1.6,0.6
0.35,0.8,0.087,-1.1,0.639,43,41,0.088,13,-4.96,0.088,0.452,28,28,1.252,3.55,68.3,28,44.9,0.8,1.0,1d_partial_close_pct,5.0,1.6,0.6
0.35,0.8,0.087,-1.1,0.639,43,41,0.088,13,-4.96,0.088,0.452,28,28,1.252,3.55,68.3,28,45.0,0.8,1.0,1d_partial_close_pct,5.0,1.6,0.6
0.35,0.8,0.087,-1.1,0.639,43,41,0.088,13,-4.96,0.088,0.453,28,28,1.252,3.55,68.3,28,45.1,0.8,1.0,1d_partial_close_pct,5.0,1.6,0.6
0.35,0.8,0.086,-1.1,0.64,43,41,0.088,13,-4.96,0.088,0.453,28,28,1.252,3.54,68.3,28,45.2,0.8,1.0,1d_partial_close_pct,5.0,1.6,0.6
0.35,0.8,0.086,-1.1,0.64,43,41,0.088,13,-4.96,0.088,0.454,28,28,1.252,3.53,68.3,28,45.3,0.8,1.0,1d_partial_close_pct,5.0,1.6,0.6
0.35,0.8,0.086,-1.1,0.64,43,41,0.088,13,-4.96,0.088,0.454,28,28,1.252,3.53,68.3,28,45.4,0.8,1.0,1d_partial_close_pct,5.0,1.6,0.6
0.35,0.8,0.089,-1.1,0.64,43,41,0.088,13,-4.94,0.088,0.455,28,28,1.253,3.65,68.3,28,45.5,0.8,1.0,1d_partial_close_pct,5.0,1.6,0.6
0.35,0.8,0.089,-1.1,0.64,43,41,0.088,13,-4.94,0.088,0.455,28,28,1.253,3.64,68.3,28,45.6,0.8,1.0,1d_partial_close_pct,5.0,1.6,0.6
0.35,0.8,0.09,-1.1,0.64,43,41,0.088,13,-4.93,0.088,0.455,28,28,1.253,3.71,68.3,28,45.7,0.8,1.0,1d_partial_close_pct,5.0,1.6,0.6
0.35,0.8,0.09,-1.1,0.64,43,41,0.088,13,-4.94,0.088,0.456,28,28,1.254,3.7,68.3,28,45.8,0.8,1.0,1d_partial_close_pct,5.0,1.6,0.6
0.35,0.8,0.09,-1.1,0.64,43,41,0.088,13,-4.94,0.088,0.456,28,28,1.254,3.7,68.3,28,45.9,0.8,1.0,1d_partial_close_pct,5.0,1.6,0.6
0.35,0.8,0.09,-1.1,0.64,43,41,0.088,13,-4.94,0.088,0.457,28,28,1.254,3.69,68.3,28,46.0,0.8,1.0,1d_partial_close_pct,5.0,1.6,0.6
0.35,0.8,0.09,-1.1,0.641,43,41,0.089,13,-4.94,0.089,0.457,28,28,1.255,3.69,68.3,28,46.1,0.8,1.0,1d_partial_close_pct,5.0,1.6,0.6
0.35,0.8,0.09,-1.1,0.641,43,41,0.089,13,-4.94,0.089,0.458,28,28,1.255,3.68,68.3,28,46.2,0.8,1.0,1d_partial_close_pct,5.0,1.6,0.6
0.35,0.8,0.09,-1.1,0.641,43,41,0.089,13,-4.94,0.089,0.458,28,28,1.255,3.68,68.3,28,46.3,0.8,1.0,1d_partial_close_pct,5.0,1.6,0.6
0.35,0.8,0.09,-1.1,0.641,43,41,0.089,13,-4.94,0.089,0.459,28,28,1.255,3.68,68.3,28,46.4,0.8,1.0,1d_partial_close_pct,5.0,1.6,0.6
0.35,0.8,0.09,-1.1,0.641,43,41,0.089,13,-4.94,0.089,0.459,28,28,1.255,3.67,68.3,28,46.5,0.8,1.0,1d_partial_close_pct,5.0,1.6,0.6
0.35,0.8,0.089,-1.1,0.641,43,41,0.089,13,-4.94,0.089,0.459,28,28,1.255,3.65,68.3,28,46.6,0.8,1.0,1d_partial_close_pct,5.0,1.6,0.6
0.35,0.8,0.089,-1.1,0.641,43,41,0.089,13,-4.94,0.089,0.46,28,28,1.255,3.65,68.3,28,46.7,0.8,1.0,1d_partial_close_pct,5.0,1.6,0.6
0.35,0.8,0.089,-1.1,0.641,43,41,0.089,13,-4.95,0.089,0.46,28,28,1.256,3.63,68.3,28,46.8,0.8,1.0,1d_partial_close_pct,5.0,1.6,0.6
0.35,0.8,0.089,-1.1,0.641,43,41,0.089,13,-4.95,0.089,0.461,28,28,1.256,3.63,68.3,28,46.9,0.8,1.0,1d_partial_close_pct,5.0,1.6,0.6
0.35,0.8,0.088,-1.1,0.641,43,41,0.089,13,-4.95,0.089,0.461,28,28,1.256,3.62,68.3,28,47.0,0.8,1.0,1d_partial_close_pct,5.0,1.6,0.6
0.35,0.8,0.088,-1.1,0.642,43,41,0.09,13,-4.95,0.089,0.462,28,28,1.257,3.62,68.3,28,47.1,0.8,1.0,1d_partial_close_pct,5.0,1.6,0.6
0.35,0.8,0.088,-1.1,0.642,43,41,0.09,13,-4.95,0.089,0.462,28,28,1.257,3.62,68.3,28,47.2,0.8,1.0,1d_partial_close_pct,5.0,1.6,0.6
0.35,0.8,0.088,-1.1,0.642,43,41,0.09,13,-4.95,0.089,0.463,28,28,1.257,3.62,68.3,28,47.3,0.8,1.0,1d_partial_close_pct,5.0,1.6,0.6
0.35,0.8,0.088,-1.1,0.642,43,41,0.09,13,-4.95,0.09,0.463,28,28,1.257,3.62,68.3,28,47.4,0.8,1.0,1d_partial_close_pct,5.0,1.6,0.6
0.35,0.8,0.087,-1.1,0.642,43,41,0.09,13,-4.95,0.09,0.464,28,28,1.257,3.58,68.3,28,47.5,0.8,1.0,1d_partial_close_pct,5.0,1.6,0.6
0.35,0.8,0.087,-1.1,0.642,43,41,0.09,13,-4.95,0.09,0.464,28,28,1.257,3.58,68.3,28,47.6,0.8,1.0,1d_partial_close_pct,5.0,1.6,0.6
0.35,0.8,0.087,-1.1,0.642,43,41,0.09,13,-4.95,0.09,0.464,28,28,1.257,3.58,68.3,28,47.7,0.8,1.0,1d_partial_close_pct,5.0,1.6,0.6
0.35,0.8,0.091,-1.1,0.642,43,41,0.09,13,-4.92,0.09,0.465,28,28,1.258,3.72,68.3,28,47.8,0.8,1.0,1d_partial_close_pct,5.0,1.6,0.6
0.35,0.8,0.092,-1.1,0.642,43,41,0.09,13,-4.91,0.09,0.465,28,28,1.258,3.79,68.3,28,47.9,0.8,1.0,1d_partial_close_pct,5.0,1.6,0.6
0.35,0.8,0.092,-1.1,0.642,43,41,0.09,13,-4.91,0.09,0.466,28,28,1.258,3.79,68.3,28,48.0,0.8,1.0,1d_partial_close_pct,5.0,1.6,0.6
0.35,0.8,0.092,-1.1,0.643,43,41,0.09,13,-4.92,0.09,0.466,28,28,1.259,3.78,68.3,28,48.1,0.8,1.0,1d_partial_close_pct,5.0,1.6,0.6
0.35,0.8,0.092,-1.1,0.643,43,41,0.09,13,-4.93,0.09,0.467,28,28,1.259,3.77,68.3,28,48.2,0.8,1.0,1d_partial_close_pct,5.0,1.6,0.6
0.35,0.8,0.091,-1.1,0.643,43,41,0.09,13,-4.93,0.09,0.467,28,28,1.259,3.75,68.3,28,48.3,0.8,1.0,1d_partial_close_pct,5.0,1.6,0.6
0.35,0.8,0.091,-1.1,0.643,43,41,0.09,13,-4.93,0.09,0.468,28,28,1.259,3.75,68.3,28,48.4,0.8,1.0,1d_partial_close_pct,5.0,1.6,0.6
0.35,0.8,0.091,-1.1,0.643,43,41,0.09,13,-4.93,0.09,0.468,28,28,1.259,3.73,68.3,28,48.5,0.8,1.0,1d_partial_close_pct,5.0,1.6,0.6
0.35,0.8,0.091,-1.1,0.643,43,41,0.09,13,-4.93,0.09,0.468,28,28,1.259,3.73,68.3,28,48.6,0.8,1.0,1d_partial_close_pct,5.0,1.6,0.6
0.35,0.8,0.091,-1.1,0.644,43,41,0.091,13,-4.93,0.091,0.469,28,28,1.26,3.72,68.3,28,48.7,0.8,1.0,1d_partial_close_pct,5.0,1.6,0.6
0.35,0.8,0.091,-1.1,0.644,43,41,0.091,13,-4.93,0.091,0.469,28,28,1.26,3.72,68.3,28,48.8,0.8,1.0,1d_partial_close_pct,5.0,1.6,0.6
0.35,0.8,0.091,-1.1,0.644,43,41,0.091,13,-4.93,0.091,0.47,28,28,1.26,3.72,68.3,28,48.9,0.8,1.0,1d_partial_close_pct,5.0,1.6,0.6
0.35,0.8,0.091,-1.1,0.644,43,41,0.091,13,-4.93,0.091,0.47,28,28,1.261,3.72,68.3,28,49.0,0.8,1.0,1d_partial_close_pct,5.0,1.6,0.6
0.35,0.8,0.09,-1.1,0.644,43,41,0.091,13,-4.93,0.091,0.471,28,28,1.261,3.71,68.3,28,49.1,0.8,1.0,1d_partial_close_pct,5.0,1.6,0.6
0.35,0.8,0.09,-1.1,0.644,43,41,0.091,13,-4.93,0.091,0.471,28,28,1.261,3.7,68.3,28,49.2,0.8,1.0,1d_partial_close_pct,5.0,1.6,0.6
0.35,0.8,0.09,-1.1,0.644,43,41,0.091,13,-4.93,0.091,0.472,28,28,1.261,3.7,68.3,28,49.3,0.8,1.0,1d_partial_close_pct,5.0,1.6,0.6
0.35,0.8,0.09,-1.1,0.644,43,41,0.091,13,-4.93,0.091,0.472,28,28,1.262,3.7,68.3,28,49.4,0.8,1.0,1d_partial_close_pct,5.0,1.6,0.6
0.35,0.8,0.09,-1.1,0.644,43,41,0.091,13,-4.93,0.091,0.472,28,28,1.262,3.68,68.3,28,49.5,0.8,1.0,1d_partial_close_pct,5.0,1.6,0.6
0.35,0.8,0.089,-1.1,0.644,43,41,0.091,13,-4.94,0.091,0.473,28,28,1.262,3.66,68.3,28,49.6,0.8,1.0,1d_partial_close_pct,5.0,1.6,0.6
0.35,0.8,0.089,-1.1,0.645,43,41,0.092,13,-4.94,0.091,0.473,28,28,1.262,3.66,68.3,28,49.7,0.8,1.0,1d_partial_close_pct,5.0,1.6,0.6
0.35,0.8,0.089,-1.1,0.645,43,41,0.092,13,-4.94,0.091,0.474,28,28,1.262,3.66,68.3,28,49.8,0.8,1.0,1d_partial_close_pct,5.0,1.6,0.6
0.35,0.8,0.089,-1.1,0.645,43,41,0.092,13,-4.94,0.091,0.474,28,28,1.262,3.65,68.3,28,49.9,0.8,1.0,1d_partial_close_pct,5.0,1.6,0.6
0.35,0.8,0.092,-1.1,0.645,43,41,0.092,13,-4.91,0.091,0.475,28,28,1.263,3.78,68.3,28,50.0,0.8,1.0,1d_partial_close_pct,5.0,1.6,0.6
0.35,0.8,0.094,-1.1,0.645,43,41,0.092,13,-4.9,0.092,0.475,28,28,1.263,3.86,68.3,28,50.1,0.8,1.0,1d_partial_close_pct,5.0,1.6,0.6
0.35,0.8,0.094,-1.1,0.645,43,41,0.092,13,-4.9,0.092,0.476,28,28,1.263,3.86,68.3,28,50.2,0.8,1.0,1d_partial_close_pct,5.0,1.6,0.6
0.35,0.8,0.094,-1.1,0.645,43,41,0.092,13,-4.9,0.092,0.476,28,28,1.264,3.86,68.3,28,50.3,0.8,1.0,1d_partial_close_pct,5.0,1.6,0.6
0.35,0.8,0.093,-1.1,0.645,43,41,0.092,13,-4.91,0.092,0.476,28,28,1.264,3.83,68.3,28,50.4,0.8,1.0,1d_partial_close_pct,5.0,1.6,0.6
0.35,0.8,0.093,-1.1,0.645,43,41,0.092,13,-4.91,0.092,0.477,28,28,1.264,3.82,68.3,28,50.5,0.8,1.0,1d_partial_close_pct,5.0,1.6,0.6
0.35,0.8,0.093,-1.1,0.645,43,41,0.092,13,-4.91,0.092,0.477,28,28,1.264,3.82,68.3,28,50.6,0.8,1.0,1d_partial_close_pct,5.0,1.6,0.6
0.35,0.8,0.093,-1.1,0.646,43,41,0.092,13,-4.91,0.092,0.478,28,28,1.264,3.81,68.3,28,50.7,0.8,1.0,1d_partial_close_pct,5.0,1.6,0.6
0.35,0.8,0.093,-1.1,0.646,43,41,0.092,13,-4.91,0.092,0.478,28,28,1.264,3.81,68.3,28,50.8,0.8,1.0,1d_partial_close_pct,5.0,1.6,0.6
0.35,0.8,0.093,-1.1,0.646,43,41,0.092,13,-4.91,0.092,0.479,28,28,1.264,3.8,68.3,28,50.9,0.8,1.0,1d_partial_close_pct,5.0,1.6,0.6
0.35,0.8,0.092,-1.1,0.646,43,41,0.092,13,-4.92,0.092,0.479,28,28,1.265,3.79,68.3,28,51.0,0.8,1.0,1d_partial_close_pct,5.0,1.6,0.6
0.35,0.8,0.092,-1.1,0.646,43,41,0.092,13,-4.92,0.092,0.48,28,28,1.265,3.79,68.3,28,51.1,0.8,1.0,1d_partial_close_pct,5.0,1.6,0.6
0.35,0.8,0.092,-1.1,0.646,43,41,0.092,13,-4.92,0.092,0.48,28,28,1.265,3.79,68.3,28,51.2,0.8,1.0,1d_partial_close_pct,5.0,1.6,0.6
0.35,0.8,0.092,-1.1,0.646,43,41,0.092,13,-4.92,0.092,0.481,28,28,1.266,3.78,68.3,28,51.3,0.8,1.0,1d_partial_close_pct,5.0,1.6,0.6
0.35,0.8,0.092,-1.1,0.646,43,41,0.092,13,-4.92,0.093,0.481,28,28,1.266,3.77,68.3,28,51.4,0.8,1.0,1d_partial_close_pct,5.0,1.6,0.6
0.35,0.8,0.091,-1.1,0.646,43,41,0.092,13,-4.92,0.093,0.481,28,28,1.266,3.75,68.3,28,51.5,0.8,1.0,1d_partial_close_pct,5.0,1.6,0.6
0.35,0.8,0.091,-1.1,0.647,43,41,0.093,13,-4.92,0.093,0.482,28,28,1.266,3.75,68.3,28,51.6,0.8,1.0,1d_partial_close_pct,5.0,1.6,0.6
0.35,0.8,0.091,-1.1,0.647,43,41,0.093,13,-4.92,0.093,0.482,28,28,1.266,3.74,68.3,28,51.7,0.8,1.0,1d_partial_close_pct,5.0,1.6,0.6
0.35,0.8,0.091,-1.1,0.647,43,41,0.093,13,-4.92,0.093,0.483,28,28,1.266,3.74,68.3,28,51.8,0.8,1.0,1d_partial_close_pct,5.0,1.6,0.6
0.35,0.8,0.091,-1.1,0.647,43,41,0.093,13,-4.92,0.093,0.483,28,28,1.266,3.74,68.3,28,51.9,0.8,1.0,1d_partial_close_pct,5.0,1.6,0.6
0.35,0.8,0.091,-1.1,0.647,43,41,0.093,13,-4.92,0.093,0.484,28,28,1.267,3.74,68.3,28,52.0,0.8,1.0,1d_partial_close_pct,5.0,1.6,0.6
0.35,0.8,0.091,-1.1,0.647,43,41,0.093,13,-4.92,0.093,0.484,28,28,1.267,3.73,68.3,28,52.1,0.8,1.0,1d_partial_close_pct,5.0,1.6,0.6
0.35,0.8,0.094,-1.1,0.647,43,41,0.093,13,-4.89,0.093,0.485,28,28,1.267,3.87,68.3,28,52.2,0.8,1.0,1d_partial_close_pct,5.0,1.6,0.6
0.35,0.8,0.096,-1.1,0.647,43,41,0.093,13,-4.88,0.093,0.485,28,28,1.268,3.93,68.3,28,52.3,0.8,1.0,1d_partial_close_pct,5.0,1.6,0.6
0.35,0.8,0.096,-1.1,0.647,43,41,0.093,13,-4.89,0.093,0.485,28,28,1.268,3.92,68.3,28,52.4,0.8,1.0,1d_partial_close_pct,5.0,1.6,0.6
0.35,0.8,0.095,-1.1,0.647,43,41,0.093,13,-4.89,0.093,0.486,28,28,1.268,3.91,68.3,28,52.5,0.8,1.0,1d_partial_close_pct,5.0,1.6,0.6
0.35,0.8,0.095,-1.1,0.648,43,41,0.094,13,-4.89,0.093,0.486,28,28,1.269,3.9,68.3,28,52.6,0.8,1.0,1d_partial_close_pct,5.0,1.6,0.6
0.35,0.8,0.095,-1.1,0.648,43,41,0.094,13,-4.9,0.094,0.487,28,28,1.269,3.89,68.3,28,52.7,0.8,1.0,1d_partial_close_pct,5.0,1.6,0.6
0.35,0.8,0.095,-1.1,0.648,43,41,0.094,13,-4.9,0.094,0.487,28,28,1.269,3.89,68.3,28,52.8,0.8,1.0,1d_partial_close_pct,5.0,1.6,0.6
0.35,0.8,0.095,-1.1,0.648,43,41,0.094,13,-4.9,0.094,0.488,28,28,1.269,3.89,68.3,28,52.9,0.8,1.0,1d_partial_close_pct,5.0,1.6,0.6
0.35,0.8,0.095,-1.1,0.648,43,41,0.094,13,-4.9,0.094,0.488,28,28,1.269,3.88,68.3,28,53.0,0.8,1.0,1d_partial_close_pct,5.0,1.6,0.6
0.35,0.8,0.094,-1.1,0.648,43,41,0.094,13,-4.9,0.094,0.489,28,28,1.269,3.87,68.3,28,53.1,0.8,1.0,1d_partial_close_pct,5.0,1.6,0.6
0.35,0.8,0.094,-1.1,0.649,43,41,0.094,13,-4.9,0.094,0.489,28,28,1.27,3.87,68.3,28,53.2,0.8,1.0,1d_partial_close_pct,5.0,1.6,0.6
0.35,0.8,0.094,-1.1,0.649,43,41,0.094,13,-4.9,0.094,0.49,28,28,1.27,3.86,68.3,28,53.3,0.8,1.0,1d_partial_close_pct,5.0,1.6,0.6
0.35,0.8,0.094,-1.1,0.649,43,41,0.094,13,-4.9,0.094,0.49,28,28,1.27,3.85,68.3,28,53.4,0.8,1.0,1d_partial_close_pct,5.0,1.6,0.6
0.35,0.8,0.094,-1.1,0.649,43,41,0.094,13,-4.9,0.094,0.49,28,28,1.27,3.84,68.3,28,53.5,0.8,1.0,1d_partial_close_pct,5.0,1.6,0.6
0.35,0.8,0.094,-1.1,0.649,43,41,0.094,13,-4.9,0.094,0.491,28,28,1.271,3.84,68.3,28,53.6,0.8,1.0,1d_partial_close_pct,5.0,1.6,0.6
0.35,0.8,0.093,-1.1,0.649,43,41,0.094,13,-4.91,0.094,0.491,28,28,1.271,3.83,68.3,28,53.7,0.8,1.0,1d_partial_close_pct,5.0,1.6,0.6
0.35,0.8,0.093,-1.1,0.649,43,41,0.094,13,-4.91,0.094,0.492,28,28,1.271,3.82,68.3,28,53.8,0.8,1.0,1d_partial_close_pct,5.0,1.6,0.6
0.35,0.8,0.093,-1.1,0.649,43,41,0.094,13,-4.91,0.094,0.492,28,28,1.271,3.81,68.3,28,53.9,0.8,1.0,1d_partial_close_pct,5.0,1.6,0.6
0.35,0.8,0.093,-1.1,0.649,43,41,0.094,13,-4.91,0.095,0.493,28,28,1.271,3.81,68.3,28,54.0,0.8,1.0,1d_partial_close_pct,5.0,1.6,0.6
0.35,0.8,0.093,-1.1,0.649,43,41,0.094,13,-4.91,0.095,0.493,28,28,1.271,3.81,68.3,28,54.1,0.8,1.0,1d_partial_close_pct,5.0,1.6,0.6
0.35,0.8,0.093,-1.1,0.65,43,41,0.095,13,-4.91,0.095,0.494,28,28,1.272,3.81,68.3,28,54.2,0.8,1.0,1d_partial_close_pct,5.0,1.6,0.6
0.35,0.8,0.092,-1.1,0.65,43,41,0.095,13,-4.91,0.095,0.494,28,28,1.272,3.79,68.3,28,54.3,0.8,1.0,1d_partial_close_pct,5.0,1.6,0.6
0.35,0.8,0.096,-1.1,0.65,43,41,0.095,13,-4.88,0.095,0.494,28,28,1.272,3.93,68.3,28,54.4,0.8,1.0,1d_partial_close_pct,5.0,1.6,0.6
0.35,0.8,0.096,-1.1,0.65,43,41,0.095,13,-4.88,0.095,0.495,28,28,1.272,3.92,68.3,28,54.5,0.8,1.0,1d_partial_close_pct,5.0,1.6,0.6
0.35,0.8,0.097,-1.1,0.65,43,41,0.095,13,-4.87,0.095,0.495,28,28,1.273,3.99,68.3,28,54.6,0.8,1.0,1d_partial_close_pct,5.0,1.6,0.6
0.35,0.8,0.097,-1.1,0.65,43,41,0.095,13,-4.87,0.095,0.496,28,28,1.273,3.98,68.3,28,54.7,0.8,1.0,1d_partial_close_pct,5.0,1.6,0.6
0.35,0.8,0.097,-1.1,0.65,43,41,0.095,13,-4.87,0.095,0.496,28,28,1.273,3.98,68.3,28,54.8,0.8,1.0,1d_partial_close_pct,5.0,1.6,0.6
0.35,0.8,0.097,-1.1,0.65,43,41,0.095,13,-4.87,0.095,0.497,28,28,1.273,3.98,68.3,28,54.9,0.8,1.0,1d_partial_close_pct,5.0,1.6,0.6
0.35,0.8,0.097,-1.1,0.65,43,41,0.095,13,-4.87,0.095,0.497,28,28,1.273,3.98,68.3,28,55.0,0.8,1.0,1d_partial_close_pct,5.0,1.6,0.6
0.35,0.8,0.096,-1.1,0.65,43,41,0.095,13,-4.89,0.095,0.498,28,28,1.273,3.95,68.3,28,55.1,0.8,1.0,1d_partial_close_pct,5.0,1.6,0.6
0.35,0.8,0.096,-1.1,0.651,43,41,0.096,13,-4.89,0.095,0.498,28,28,1.274,3.94,68.3,28,55.2,0.8,1.0,1d_partial_close_pct,5.0,1.6,0.6
0.35,0.8,0.096,-1.1,0.651,43,41,0.096,13,-4.89,0.095,0.499,28,28,1.274,3.94,68.3,28,55.3,0.8,1.0,1d_partial_close_pct,5.0,1.6,0.6
0.35,0.8,0.096,-1.1,0.651,43,41,0.096,13,-4.89,0.096,0.499,28,28,1.274,3.93,68.3,28,55.4,0.8,1.0,1d_partial_close_pct,5.0,1.6,0.6
0.35,0.8,0.095,-1.1,0.651,43,41,0.096,13,-4.89,0.096,0.499,28,28,1.275,3.91,68.3,28,55.5,0.8,1.0,1d_partial_close_pct,5.0,1.6,0.6
0.35,0.8,0.095,-1.1,0.651,43,41,0.096,13,-4.89,0.096,0.5,28,28,1.275,3.91,68.3,28,55.6,0.8,1.0,1d_partial_close_pct,5.0,1.6,0.6
0.35,0.8,0.095,-1.1,0.651,43,41,0.096,13,-4.89,0.096,0.5,28,28,1.275,3.91,68.3,28,55.7,0.8,1.0,1d_partial_close_pct,5.0,1.6,0.6
0.35,0.8,0.095,-1.1,0.651,43,41,0.096,13,-4.89,0.096,0.501,28,28,1.276,3.91,68.3,28,55.8,0.8,1.0,1d_partial_close_pct,5.0,1.6,0.6
0.35,0.8,0.095,-1.1,0.651,43,41,0.096,13,-4.89,0.096,0.501,28,28,1.276,3.91,68.3,28,55.9,0.8,1.0,1d_partial_close_pct,5.0,1.6,0.6
0.35,0.8,0.095,-1.1,0.651,43,41,0.096,13,-4.89,0.096,0.502,28,28,1.276,3.9,68.3,28,56.0,0.8,1.0,1d_partial_close_pct,5.0,1.6,0.6
0.35,0.8,0.095,-1.1,0.651,43,41,0.096,13,-4.89,0.096,0.502,28,28,1.276,3.9,68.3,28,56.1,0.8,1.0,1d_partial_close_pct,5.0,1.6,0.6
0.35,0.8,0.095,-1.1,0.652,43,41,0.096,13,-4.89,0.096,0.503,28,28,1.276,3.88,68.3,28,56.2,0.8,1.0,1d_partial_close_pct,5.0,1.6,0.6
0.35,0.8,0.095,-1.1,0.652,43,41,0.096,13,-4.89,0.096,0.503,28,28,1.276,3.88,68.3,28,56.3,0.8,1.0,1d_partial_close_pct,5.0,1.6,0.6
0.35,0.8,0.094,-1.1,0.652,43,41,0.096,13,-4.89,0.096,0.503,28,28,1.276,3.87,68.3,28,56.4,0.8,1.0,1d_partial_close_pct,5.0,1.6,0.6
0.35,0.8,0.094,-1.1,0.652,43,41,0.096,13,-4.9,0.096,0.504,28,28,1.277,3.85,68.3,28,56.5,0.8,1.0,1d_partial_close_pct,5.0,1.6,0.6
0.35,0.8,0.097,-1.1,0.652,43,41,0.096,13,-4.87,0.096,0.504,28,28,1.277,3.99,68.3,28,56.6,0.8,1.0,1d_partial_close_pct,5.0,1.6,0.6
0.35,0.8,0.097,-1.1,0.652,43,41,0.096,13,-4.87,0.097,0.505,28,28,1.277,3.99,68.3,28,56.7,0.8,1.0,1d_partial_close_pct,5.0,1.6,0.6
0.35,0.8,0.099,-1.1,0.652,43,41,0.096,13,-4.86,0.097,0.505,28,28,1.278,4.06,68.3,28,56.8,0.8,1.0,1d_partial_close_pct,5.0,1.6,0.6
0.35,0.8,0.099,-1.1,0.652,43,41,0.096,13,-4.86,0.097,0.506,28,28,1.278,4.06,68.3,28,56.9,0.8,1.0,1d_partial_close_pct,5.0,1.6,0.6
0.35,0.8,0.099,-1.1,0.652,43,41,0.096,13,-4.86,0.097,0.506,28,28,1.278,4.05,68.3,28,57.0,0.8,1.0,1d_partial_close_pct,5.0,1.6,0.6
0.35,0.8,0.099,-1.1,0.653,43,41,0.097,13,-4.86,0.097,0.507,28,28,1.278,4.05,68.3,28,57.1,0.8,1.0,1d_partial_close_pct,5.0,1.6,0.6
0.35,0.8,0.099,-1.1,0.653,43,41,0.097,13,-4.86,0.097,0.507,28,28,1.278,4.04,68.3,28,57.2,0.8,1.0,1d_partial_close_pct,5.0,1.6,0.6
0.35,0.8,0.098,-1.1,0.653,43,41,0.097,13,-4.86,0.097,0.507,28,28,1.278,4.03,68.3,28,57.3,0.8,1.0,1d_partial_close_pct,5.0,1.6,0.6
0.35,0.8,0.098,-1.1,0.653,43,41,0.097,13,-4.87,0.097,0.508,28,28,1.279,4.02,68.3,28,57.4,0.8,1.0,1d_partial_close_pct,5.0,1.6,0.6
0.35,0.8,0.098,-1.1,0.653,43,41,0.097,13,-4.87,0.097,0.508,28,28,1.279,4.01,68.3,28,57.5,0.8,1.0,1d_partial_close_pct,5.0,1.6,0.6
0.35,0.8,0.098,-1.1,0.653,43,41,0.097,13,-4.87,0.097,0.509,28,28,1.279,4.01,68.3,28,57.6,0.8,1.0,1d_partial_close_pct,5.0,1.6,0.6
0.35,0.8,0.098,-1.1,0.653,43,41,0.097,13,-4.87,0.097,0.509,28,28,1.279,4.0,68.3,28,57.7,0.8,1.0,1d_partial_close_pct,5.0,1.6,0.6
0.35,0.8,0.097,-1.1,0.654,43,41,0.098,13,-4.87,0.097,0.51,28,28,1.28,3.99,68.3,28,57.8,0.8,1.0,1d_partial_close_pct,5.0,1.6,0.6
0.35,0.8,0.097,-1.1,0.654,43,41,0.098,13,-4.88,0.097,0.51,28,28,1.28,3.98,68.3,28,57.9,0.8,1.0,1d_partial_close_pct,5.0,1.6,0.6
0.35,0.8,0.097,-1.1,0.654,43,41,0.098,13,-4.88,0.098,0.511,28,28,1.28,3.98,68.3,28,58.0,0.8,1.0,1d_partial_close_pct,5.0,1.6,0.6
0.35,0.8,0.097,-1.1,0.654,43,41,0.098,13,-4.88,0.098,0.511,28,28,1.28,3.96,68.3,28,58.1,0.8,1.0,1d_partial_close_pct,5.0,1.6,0.6
0.35,0.8,0.097,-1.1,0.654,43,41,0.098,13,-4.88,0.098,0.512,28,28,1.28,3.96,68.3,28,58.2,0.8,1.0,1d_partial_close_pct,5.0,1.6,0.6
0.35,0.8,0.097,-1.1,0.654,43,41,0.098,13,-4.88,0.098,0.512,28,28,1.28,3.96,68.3,28,58.3,0.8,1.0,1d_partial_close_pct,5.0,1.6,0.6
0.35,0.8,0.097,-1.1,0.654,43,41,0.098,13,-4.88,0.098,0.512,28,28,1.281,3.96,68.3,28,58.4,0.8,1.0,1d_partial_close_pct,5.0,1.6,0.6
0.35,0.8,0.096,-1.1,0.654,43,41,0.098,13,-4.88,0.098,0.513,28,28,1.281,3.94,68.3,28,58.5,0.8,1.0,1d_partial_close_pct,5.0,1.6,0.6
0.35,0.8,0.096,-1.1,0.654,43,41,0.098,13,-4.88,0.098,0.513,28,28,1.281,3.93,68.3,28,58.6,0.8,1.0,1d_partial_close_pct,5.0,1.6,0.6
0.35,0.8,0.096,-1.1,0.655,43,41,0.099,13,-4.88,0.098,0.514,28,28,1.282,3.93,68.3,28,58.7,0.8,1.0,1d_partial_close_pct,5.0,1.6,0.6
0.35,0.8,0.096,-1.1,0.655,43,41,0.099,13,-4.88,0.098,0.514,28,28,1.282,3.93,68.3,28,58.8,0.8,1.0,1d_partial_close_pct,5.0,1.6,0.6
0.35,0.8,0.099,-1.1,0.655,43,41,0.099,13,-4.85,0.098,0.515,28,28,1.282,4.07,68.3,28,58.9,0.8,1.0,1d_partial_close_pct,5.0,1.6,0.6
0.35,0.8,0.101,-1.1,0.655,43,41,0.099,13,-4.84,0.098,0.515,28,28,1.282,4.14,68.3,28,59.0,0.8,1.0,1d_partial_close_pct,5.0,1.6,0.6
0.35,0.8,0.101,-1.1,0.655,43,41,0.099,13,-4.84,0.098,0.516,28,28,1.283,4.13,68.3,28,59.1,0.8,1.0,1d_partial_close_pct,5.0,1.6,0.6
0.35,0.8,0.101,-1.1,0.655,43,41,0.099,13,-4.84,0.098,0.516,28,28,1.283,4.13,68.3,28,59.2,0.8,1.0,1d_partial_close_pct,5.0,1.6,0.6
0.35,0.8,0.1,-1.1,0.655,43,41,0.099,13,-4.85,0.099,0.516,28,28,1.283,4.12,68.3,28,59.3,0.8,1.0,1d_partial_close_pct,5.0,1.6,0.6
0.35,0.8,0.1,-1.1,0.655,43,41,0.099,13,-4.85,0.099,0.517,28,28,1.283,4.1,68.3,28,59.4,0.8,1.0,1d_partial_close_pct,5.0,1.6,0.6
0.35,0.8,0.1,-1.1,0.655,43,41,0.099,13,-4.85,0.099,0.517,28,28,1.283,4.09,68.3,28,59.5,0.8,1.0,1d_partial_close_pct,5.0,1.6,0.6
0.35,0.8,0.1,-1.1,0.655,43,41,0.099,13,-4.85,0.099,0.518,28,28,1.283,4.09,68.3,28,59.6,0.8,1.0,1d_partial_close_pct,5.0,1.6,0.6
0.35,0.8,0.1,-1.1,0.656,43,41,0.099,13,-4.86,0.099,0.518,28,28,1.284,4.08,68.3,28,59.7,0.8,1.0,1d_partial_close_pct,5.0,1.6,0.6
0.35,0.8,0.099,-1.1,0.656,43,41,0.099,13,-4.86,0.099,0.519,28,28,1.284,4.07,68.3,28,59.8,0.8,1.0,1d_partial_close_pct,5.0,1.6,0.6
0.35,0.8,0.099,-1.1,0.656,43,41,0.099,13,-4.86,0.099,0.519,28,28,1.284,4.07,68.3,28,59.9,0.8,1.0,1d_partial_close_pct,5.0,1.6,0.6
0.35,0.8,0.099,-1.1,0.656,43,41,0.099,13,-4.86,0.099,0.52,28,28,1.285,4.07,68.3,28,60.0,0.8,1.0,1d_partial_close_pct,5.0,1.6,0.6
0.35,0.8,0.099,-1.1,0.656,43,41,0.099,13,-4.86,0.099,0.52,28,28,1.285,4.06,68.3,28,60.1,0.8,1.0,1d_partial_close_pct,5.0,1.6,0.6
0.35,0.8,0.099,-1.1,0.656,43,41,0.099,13,-4.86,0.099,0.521,28,28,1.285,4.04,68.3,28,60.2,0.8,1.0,1d_partial_close_pct,5.0,1.6,0.6
0.35,0.8,0.099,-1.1,0.656,43,41,0.099,13,-4.86,0.099,0.521,28,28,1.285,4.04,68.3,28,60.3,0.8,1.0,1d_partial_close_pct,5.0,1.6,0.6
0.35,0.8,0.099,-1.1,0.656,43,41,0.099,13,-4.86,0.099,0.521,28,28,1.285,4.04,68.3,28,60.4,0.8,1.0,1d_partial_close_pct,5.0,1.6,0.6
0.35,0.8,0.098,-1.1,0.656,43,41,0.099,13,-4.86,0.099,0.522,28,28,1.285,4.03,68.3,28,60.5,0.8,1.0,1d_partial_close_pct,5.0,1.6,0.6
0.35,0.8,0.098,-1.1,0.656,43,41,0.099,13,-4.87,0.099,0.522,28,28,1.285,4.02,68.3,28,60.6,0.8,1.0,1d_partial_close_pct,5.0,1.6,0.6
0.35,0.8,0.098,-1.1,0.657,43,41,0.1,13,-4.87,0.1,0.523,28,28,1.286,4.01,68.3,28,60.7,0.8,1.0,1d_partial_close_pct,5.0,1.6,0.6
0.35,0.8,0.098,-1.1,0.657,43,41,0.1,13,-4.87,0.1,0.523,28,28,1.286,4.01,68.3,28,60.8,0.8,1.0,1d_partial_close_pct,5.0,1.6,0.6
0.35,0.8,0.098,-1.1,0.657,43,41,0.1,13,-4.87,0.1,0.524,28,28,1.286,4.01,68.3,28,60.9,0.8,1.0,1d_partial_close_pct,5.0,1.6,0.6
0.35,0.8,0.097,-1.1,0.657,43,41,0.1,13,-4.87,0.1,0.524,28,28,1.287,3.99,68.3,28,61.0,0.8,1.0,1d_partial_close_pct,5.0,1.6,0.6
0.35,0.8,0.1,-1.1,0.657,43,41,0.1,13,-4.84,0.1,0.525,28,28,1.287,4.12,68.3,28,61.1,0.8,1.0,1d_partial_close_pct,5.0,1.6,0.6
0.35,0.8,0.102,-1.1,0.657,43,41,0.1,13,-4.83,0.1,0.525,28,28,1.287,4.2,68.3,28,61.2,0.8,1.0,1d_partial_close_pct,5.0,1.6,0.6
0.35,0.8,0.102,-1.1,0.657,43,41,0.1,13,-4.83,0.1,0.525,28,28,1.287,4.2,68.3,28,61.3,0.8,1.0,1d_partial_close_pct,5.0,1.6,0.6
0.35,0.8,0.102,-1.1,0.657,43,41,0.1,13,-4.83,0.1,0.526,28,28,1.287,4.2,68.3,28,61.4,0.8,1.0,1d_partial_close_pct,5.0,1.6,0.6
0.35,0.8,0.102,-1.1,0.657,43,41,0.1,13,-4.83,0.1,0.526,28,28,1.287,4.18,68.3,28,61.5,0.8,1.0,1d_partial_close_pct,5.0,1.6,0.6
0.35,0.8,0.102,-1.1,0.657,43,41,0.1,13,-4.83,0.1,0.527,28,28,1.287,4.18,68.3,28,61.6,0.8,1.0,1d_partial_close_pct,5.0,1.6,0.6
0.35,0.8,0.102,-1.1,0.658,43,41,0.101,13,-4.83,0.1,0.527,28,28,1.288,4.18,68.3,28,61.7,0.8,1.0,1d_partial_close_pct,5.0,1.6,0.6
0.35,0.8,0.102,-1.1,0.658,43,41,0.101,13,-4.83,0.1,0.528,28,28,1.288,4.17,68.3,28,61.8,0.8,1.0,1d_partial_close_pct,5.0,1.6,0.6
0.35,0.8,0.101,-1.1,0.658,43,41,0.101,13,-4.83,0.1,0.528,28,28,1.288,4.16,68.3,28,61.9,0.8,1.0,1d_partial_close_pct,5.0,1.6,0.6
0.35,0.8,0.101,-1.1,0.658,43,41,0.101,13,-4.85,0.101,0.529,28,28,1.289,4.13,68.3,28,62.0,0.8,1.0,1d_partial_close_pct,5.0,1.6,0.6
0.35,0.8,0.101,-1.1,0.658,43,41,0.101,13,-4.85,0.101,0.529,28,28,1.289,4.13,68.3,28,62.1,0.8,1.0,1d_partial_close_pct,5.0,1.6,0.6
0.35,0.8,0.101,-1.1,0.658,43,41,0.101,13,-4.85,0.101,0.53,28,28,1.289,4.13,68.3,28,62.2,0.8,1.0,1d_partial_close_pct,5.0,1.6,0.6
0.35,0.8,0.101,-1.1,0.659,43,41,0.101,13,-4.85,0.101,0.53,28,28,1.29,4.13,68.3,28,62.3,0.8,1.0,1d_partial_close_pct,5.0,1.6,0.6
0.35,0.8,0.1,-1.1,0.659,43,41,0.101,13,-4.85,0.101,0.53,28,28,1.29,4.12,68.3,28,62.4,0.8,1.0,1d_partial_close_pct,5.0,1.6,0.6
0.35,0.8,0.1,-1.1,0.659,43,41,0.101,13,-4.85,0.101,0.531,28,28,1.29,4.1,68.3,28,62.5,0.8,1.0,1d_partial_close_pct,5.0,1.6,0.6
0.35,0.8,0.1,-1.1,0.659,43,41,0.101,13,-4.85,0.101,0.531,28,28,1.29,4.1,68.3,28,62.6,0.8,1.0,1d_partial_close_pct,5.0,1.6,0.6
0.35,0.8,0.1,-1.1,0.659,43,41,0.101,13,-4.85,0.101,0.532,28,28,1.29,4.1,68.3,28,62.7,0.8,1.0,1d_partial_close_pct,5.0,1.6,0.6
0.35,0.8,0.1,-1.1,0.659,43,41,0.101,13,-4.85,0.101,0.532,28,28,1.29,4.09,68.3,28,62.8,0.8,1.0,1d_partial_close_pct,5.0,1.6,0.6
0.35,0.8,0.1,-1.1,0.659,43,41,0.101,13,-4.85,0.101,0.533,28,28,1.291,4.08,68.3,28,62.9,0.8,1.0,1d_partial_close_pct,5.0,1.6,0.6
0.35,0.8,0.1,-1.1,0.659,43,41,0.101,13,-4.85,0.101,0.533,28,28,1.291,4.08,68.3,28,63.0,0.8,1.0,1d_partial_close_pct,5.0,1.6,0.6
0.35,0.8,0.1,-1.1,0.659,43,41,0.101,13,-4.85,0.101,0.534,28,28,1.291,4.08,68.3,28,63.1,0.8,1.0,1d_partial_close_pct,5.0,1.6,0.6
0.35,0.8,0.099,-1.1,0.659,43,41,0.101,13,-4.85,0.101,0.534,28,28,1.291,4.07,68.3,28,63.2,0.8,1.0,1d_partial_close_pct,5.0,1.6,0.6
0.35,0.8,0.102,-1.1,0.66,43,41,0.102,13,-4.82,0.102,0.534,28,28,1.292,4.2,68.3,28,63.3,0.8,1.0,1d_partial_close_pct,5.0,1.6,0.6
0.35,0.8,0.104,-1.1,0.66,43,41,0.102,13,-4.82,0.102,0.535,28,28,1.292,4.27,68.3,28,63.4,0.8,1.0,1d_partial_close_pct,5.0,1.6,0.6
0.35,0.8,0.104,-1.1,0.66,43,41,0.102,13,-4.82,0.102,0.535,28,28,1.292,4.26,68.3,28,63.5,0.8,1.0,1d_partial_close_pct,5.0,1.6,0.6
0.35,0.8,0.104,-1.1,0.66,43,41,0.102,13,-4.82,0.102,0.536,28,28,1.292,4.25,68.3,28,63.6,0.8,1.0,1d_partial_close_pct,5.0,1.6,0.6
0.35,0.8,0.104,-1.1,0.66,43,41,0.102,13,-4.82,0.102,0.536,28,28,1.292,4.25,68.3,28,63.7,0.8,1.0,1d_partial_close_pct,5.0,1.6,0.6
0.35,0.8,0.104,-1.1,0.66,43,41,0.102,13,-4.82,0.102,0.537,28,28,1.292,4.25,68.3,28,63.8,0.8,1.0,1d_partial_close_pct,5.0,1.6,0.6
0.35,0.8,0.103,-1.1,0.66,43,41,0.102,13,-4.82,0.102,0.537,28,28,1.293,4.24,68.3,28,63.9,0.8,1.0,1d_partial_close_pct,5.0,1.6,0.6
0.35,0.8,0.103,-1.1,0.66,43,41,0.102,13,-4.82,0.102,0.538,28,28,1.293,4.24,68.3,28,64.0,0.8,1.0,1d_partial_close_pct,5.0,1.6,0.6
0.35,0.8,0.103,-1.1,0.66,43,41,0.102,13,-4.82,0.102,0.538,28,28,1.293,4.22,68.3,28,64.1,0.8,1.0,1d_partial_close_pct,5.0,1.6,0.6
0.35,0.8,0.103,-1.1,0.661,43,41,0.103,13,-4.82,0.102,0.539,28,28,1.294,4.22,68.3,28,64.2,0.8,1.0,1d_partial_close_pct,5.0,1.6,0.6
0.35,0.8,0.103,-1.1,0.661,43,41,0.103,13,-4.83,0.102,0.539,28,28,1.294,4.21,68.3,28,64.3,0.8,1.0,1d_partial_close_pct,5.0,1.6,0.6
0.35,0.8,0.103,-1.1,0.661,43,41,0.103,13,-4.83,0.102,0.539,28,28,1.294,4.21,68.3,28,64.4,0.8,1.0,1d_partial_close_pct,5.0,1.6,0.6
0.35,0.8,0.102,-1.1,0.661,43,41,0.103,13,-4.83,0.102,0.54,28,28,1.294,4.19,68.3,28,64.5,0.8,1.0,1d_partial_close_pct,5.0,1.6,0.6
0.35,0.8,0.102,-1.1,0.661,43,41,0.103,13,-4.83,0.103,0.54,28,28,1.294,4.19,68.3,28,64.6,0.8,1.0,1d_partial_close_pct,5.0,1.6,0.6
0.35,0.8,0.102,-1.1,0.661,43,41,0.103,13,-4.83,0.103,0.541,28,28,1.294,4.19,68.3,28,64.7,0.8,1.0,1d_partial_close_pct,5.0,1.6,0.6
0.35,0.8,0.102,-1.1,0.661,43,41,0.103,13,-4.84,0.103,0.541,28,28,1.294,4.18,68.3,28,64.8,0.8,1.0,1d_partial_close_pct,5.0,1.6,0.6
0.35,0.8,0.101,-1.1,0.661,43,41,0.103,13,-4.84,0.103,0.542,28,28,1.295,4.15,68.3,28,64.9,0.8,1.0,1d_partial_close_pct,5.0,1.6,0.6
0.35,0.8,0.101,-1.1,0.661,43,41,0.103,13,-4.84,0.103,0.542,28,28,1.295,4.15,68.3,28,65.0,0.8,1.0,1d_partial_close_pct,5.0,1.6,0.6
0.35,0.8,0.101,-1.1,0.661,43,41,0.103,13,-4.84,0.103,0.543,28,28,1.295,4.15,68.3,28,65.1,0.8,1.0,1d_partial_close_pct,5.0,1.6,0.6
0.35,0.8,0.101,-1.1,0.662,43,41,0.103,13,-4.84,0.103,0.543,28,28,1.296,4.15,68.3,28,65.2,0.8,1.0,1d_partial_close_pct,5.0,1.6,0.6
0.35,0.8,0.101,-1.1,0.662,43,41,0.103,13,-4.84,0.103,0.543,28,28,1.296,4.14,68.3,28,65.3,0.8,1.0,1d_partial_close_pct,5.0,1.6,0.6
0.35,0.8,0.101,-1.1,0.662,43,41,0.103,13,-4.84,0.103,0.544,28,28,1.296,4.14,68.3,28,65.4,0.8,1.0,1d_partial_close_pct,5.0,1.6,0.6
0.35,0.8,0.104,-1.1,0.662,43,41,0.103,13,-4.81,0.103,0.544,28,28,1.297,4.27,68.3,28,65.5,0.8,1.0,1d_partial_close_pct,5.0,1.6,0.6
0.35,0.8,0.104,-1.1,0.662,43,41,0.103,13,-4.81,0.103,0.545,28,28,1.297,4.27,68.3,28,65.6,0.8,1.0,1d_partial_close_pct,5.0,1.6,0.6
0.35,0.8,0.106,-1.1,0.662,43,41,0.103,13,-4.8,0.103,0.545,28,28,1.297,4.34,68.3,28,65.7,0.8,1.0,1d_partial_close_pct,5.0,1.6,0.6
0.35,0.8,0.105,-1.1,0.662,43,41,0.103,13,-4.8,0.103,0.546,28,28,1.297,4.32,68.3,28,65.8,0.8,1.0,1d_partial_close_pct,5.0,1.6,0.6
0.35,0.8,0.105,-1.1,0.662,43,41,0.103,13,-4.8,0.104,0.546,28,28,1.297,4.32,68.3,28,65.9,0.8,1.0,1d_partial_close_pct,5.0,1.6,0.6
0.35,0.8,0.105,-1.1,0.662,43,41,0.103,13,-4.8,0.104,0.547,28,28,1.297,4.32,68.3,28,66.0,0.8,1.0,1d_partial_close_pct,5.0,1.6,0.6
0.35,0.8,0.105,-1.1,0.662,43,41,0.103,13,-4.8,0.104,0.547,28,28,1.297,4.32,68.3,28,66.1,0.8,1.0,1d_partial_close_pct,5.0,1.6,0.6
0.35,0.8,0.105,-1.1,0.663,43,41,0.104,13,-4.81,0.104,0.548,28,28,1.298,4.3,68.3,28,66.2,0.8,1.0,1d_partial_close_pct,5.0,1.6,0.6
0.35,0.8,0.105,-1.1,0.663,43,41,0.104,13,-4.81,0.104,0.548,28,28,1.298,4.3,68.3,28,66.3,0.8,1.0,1d_partial_close_pct,5.0,1.6,0.6
0.35,0.8,0.105,-1.1,0.663,43,41,0.104,13,-4.81,0.104,0.548,28,28,1.298,4.3,68.3,28,66.4,0.8,1.0,1d_partial_close_pct,5.0,1.6,0.6
0.35,0.8,0.104,-1.1,0.663,43,41,0.104,13,-4.81,0.104,0.549,28,28,1.299,4.28,68.3,28,66.5,0.8,1.0,1d_partial_close_pct,5.0,1.6,0.6
0.35,0.8,0.104,-1.1,0.663,43,41,0.104,13,-4.82,0.104,0.549,28,28,1.299,4.26,68.3,28,66.6,0.8,1.0,1d_partial_close_pct,5.0,1.6,0.6
0.35,0.8,0.104,-1.1,0.663,43,41,0.104,13,-4.82,0.104,0.55,28,28,1.299,4.26,68.3,28,66.7,0.8,1.0,1d_partial_close_pct,5.0,1.6,0.6
0.35,0.8,0.104,-1.1,0.664,43,41,0.105,13,-4.82,0.104,0.55,28,28,1.299,4.25,68.3,28,66.8,0.8,1.0,1d_partial_close_pct,5.0,1.6,0.6
0.35,0.8,0.104,-1.1,0.664,43,41,0.105,13,-4.82,0.104,0.551,28,28,1.299,4.25,68.3,28,66.9,0.8,1.0,1d_partial_close_pct,5.0,1.6,0.6
0.35,0.8,0.104,-1.1,0.664,43,41,0.105,13,-4.82,0.104,0.551,28,28,1.299,4.25,68.3,28,67.0,0.8,1.0,1d_partial_close_pct,5.0,1.6,0.6
0.35,0.8,0.103,-1.1,0.664,43,41,0.105,13,-4.82,0.104,0.552,28,28,1.3,4.24,68.3,28,67.1,0.8,1.0,1d_partial_close_pct,5.0,1.6,0.6
0.35,0.8,0.103,-1.1,0.664,43,41,0.105,13,-4.82,0.104,0.552,28,28,1.3,4.24,68.3,28,67.2,0.8,1.0,1d_partial_close_pct,5.0,1.6,0.6
0.35,0.8,0.103,-1.1,0.664,43,41,0.105,13,-4.82,0.105,0.552,28,28,1.3,4.23,68.3,28,67.3,0.8,1.0,1d_partial_close_pct,5.0,1.6,0.6
0.35,0.8,0.103,-1.1,0.664,43,41,0.105,13,-4.82,0.105,0.553,28,28,1.3,4.23,68.3,28,67.4,0.8,1.0,1d_partial_close_pct,5.0,1.6,0.6
0.35,0.8,0.103,-1.1,0.664,43,41,0.105,13,-4.82,0.105,0.553,28,28,1.301,4.21,68.3,28,67.5,0.8,1.0,1d_partial_close_pct,5.0,1.6,0.6
0.35,0.8,0.102,-1.1,0.664,43,41,0.105,13,-4.83,0.105,0.554,28,28,1.301,4.2,68.3,28,67.6,0.8,1.0,1d_partial_close_pct,5.0,1.6,0.6
0.35,0.8,0.106,-1.1,0.664,43,41,0.105,13,-4.8,0.105,0.554,28,28,1.301,4.34,68.3,28,67.7,0.8,1.0,1d_partial_close_pct,5.0,1.6,0.6
0.35,0.8,0.106,-1.1,0.665,43,41,0.105,13,-4.8,0.105,0.555,28,28,1.301,4.33,68.3,28,67.8,0.8,1.0,1d_partial_close_pct,5.0,1.6,0.6
0.35,0.8,0.107,-1.1,0.665,43,41,0.105,13,-4.79,0.105,0.555,28,28,1.301,4.4,68.3,28,67.9,0.8,1.0,1d_partial_close_pct,5.0,1.6,0.6
0.35,0.8,0.107,-1.1,0.665,43,41,0.105,13,-4.79,0.105,0.556,28,28,1.301,4.4,68.3,28,68.0,0.8,1.0,1d_partial_close_pct,5.0,1.6,0.6
0.35,0.8,0.107,-1.1,0.665,43,41,0.105,13,-4.79,0.105,0.556,28,28,1.302,4.39,68.3,28,68.1,0.8,1.0,1d_partial_close_pct,5.0,1.6,0.6
0.35,0.8,0.107,-1.1,0.665,43,41,0.105,13,-4.79,0.105,0.557,28,28,1.302,4.39,68.3,28,68.2,0.8,1.0,1d_partial_close_pct,5.0,1.6,0.6
0.35,0.8,0.107,-1.1,0.665,43,41,0.105,13,-4.79,0.105,0.557,28,28,1.302,4.38,68.3,28,68.3,0.8,1.0,1d_partial_close_pct,5.0,1.6,0.6
0.35,0.8,0.107,-1.1,0.665,43,41,0.105,13,-4.79,0.105,0.557,28,28,1.303,4.38,68.3,28,68.4,0.8,1.0,1d_partial_close_pct,5.0,1.6,0.6
0.35,0.8,0.107,-1.1,0.665,43,41,0.105,13,-4.79,0.105,0.558,28,28,1.303,4.37,68.3,28,68.5,0.8,1.0,1d_partial_close_pct,5.0,1.6,0.6
0.35,0.8,0.107,-1.1,0.665,43,41,0.105,13,-4.79,0.106,0.558,28,28,1.303,4.37,68.3,28,68.6,0.8,1.0,1d_partial_close_pct,5.0,1.6,0.6
0.35,0.8,0.106,-1.1,0.665,43,41,0.105,13,-4.79,0.106,0.559,28,28,1.303,4.36,68.3,28,68.7,0.8,1.0,1d_partial_close_pct,5.0,1.6,0.6
0.35,0.8,0.106,-1.1,0.666,43,41,0.106,13,-4.79,0.106,0.559,28,28,1.303,4.34,68.3,28,68.8,0.8,1.0,1d_partial_close_pct,5.0,1.6,0.6
0.35,0.8,0.105,-1.1,0.666,43,41,0.106,13,-4.81,0.106,0.56,28,28,1.303,4.32,68.3,28,68.9,0.8,1.0,1d_partial_close_pct,5.0,1.6,0.6
0.35,0.8,0.105,-1.1,0.666,43,41,0.106,13,-4.81,0.106,0.56,28,28,1.303,4.32,68.3,28,69.0,0.8,1.0,1d_partial_close_pct,5.0,1.6,0.6
0.35,0.8,0.105,-1.1,0.666,43,41,0.106,13,-4.81,0.106,0.561,28,28,1.304,4.32,68.3,28,69.1,0.8,1.0,1d_partial_close_pct,5.0,1.6,0.6
0.35,0.8,0.105,-1.1,0.666,43,41,0.106,13,-4.81,0.106,0.561,28,28,1.304,4.31,68.3,28,69.2,0.8,1.0,1d_partial_close_pct,5.0,1.6,0.6
0.35,0.8,0.105,-1.1,0.666,43,41,0.106,13,-4.81,0.106,0.561,28,28,1.304,4.31,68.3,28,69.3,0.8,1.0,1d_partial_close_pct,5.0,1.6,0.6
0.35,0.8,0.105,-1.1,0.666,43,41,0.106,13,-4.81,0.106,0.562,28,28,1.305,4.31,68.3,28,69.4,0.8,1.0,1d_partial_close_pct,5.0,1.6,0.6
0.35,0.8,0.105,-1.1,0.666,43,41,0.106,13,-4.81,0.106,0.562,28,28,1.305,4.3,68.3,28,69.5,0.8,1.0,1d_partial_close_pct,5.0,1.6,0.6
0.35,0.8,0.104,-1.1,0.666,43,41,0.106,13,-4.81,0.106,0.563,28,28,1.305,4.28,68.3,28,69.6,0.8,1.0,1d_partial_close_pct,5.0,1.6,0.6
0.35,0.8,0.104,-1.1,0.667,43,41,0.107,13,-4.81,0.106,0.563,28,28,1.306,4.27,68.3,28,69.7,0.8,1.0,1d_partial_close_pct,5.0,1.6,0.6
0.35,0.8,0.104,-1.1,0.667,43,41,0.107,13,-4.81,0.106,0.564,28,28,1.306,4.27,68.3,28,69.8,0.8,1.0,1d_partial_close_pct,5.0,1.6,0.6
0.35,0.8,0.104,-1.1,0.667,43,41,0.107,13,-4.81,0.107,0.564,28,28,1.306,4.27,68.3,28,69.9,0.8,1.0,1d_partial_close_pct,5.0,1.6,0.6
0.35,0.8,0.107,-1.1,0.667,43,41,0.107,13,-4.78,0.107,0.565,28,28,1.306,4.4,68.3,28,70.0,0.8,1.0,1d_partial_close_pct,5.0,1.6,0.6
0.35,0.8,0.109,-1.1,0.667,43,41,0.107,13,-4.77,0.107,0.565,28,28,1.306,4.48,68.3,28,70.1,0.8,1.0,1d_partial_close_pct,5.0,1.6,0.6
0.35,0.8,0.109,-1.1,0.667,43,41,0.107,13,-4.77,0.107,0.566,28,28,1.306,4.48,68.3,28,70.2,0.8,1.0,1d_partial_close_pct,5.0,1.6,0.6
0.35,0.8,0.109,-1.1,0.667,43,41,0.107,13,-4.78,0.107,0.566,28,28,1.306,4.47,68.3,28,70.3,0.8,1.0,1d_partial_close_pct,5.0,1.6,0.6
0.35,0.8,0.109,-1.1,0.668,43,41,0.107,13,-4.78,0.107,0.567,28,28,1.307,4.46,68.3,28,70.4,0.8,1.0,1d_partial_close_pct,5.0,1.6,0.6
0.35,0.8,0.108,-1.1,0.668,43,41,0.107,13,-4.78,0.107,0.567,28,28,1.307,4.44,68.3,28,70.5,0.8,1.0,1d_partial_close_pct,5.0,1.6,0.6
0.35,0.8,0.108,-1.1,0.668,43,41,0.107,13,-4.78,0.107,0.567,28,28,1.307,4.44,68.3,28,70.6,0.8,1.0,1d_partial_close_pct,5.0,1.6,0.6
0.35,0.8,0.108,-1.1,0.668,43,41,0.107,13,-4.78,0.107,0.568,28,28,1.308,4.43,68.3,28,70.7,0.8,1.0,1d_partial_close_pct,5.0,1.6,0.6
0.35,0.8,0.108,-1.1,0.668,43,41,0.107,13,-4.78,0.107,0.568,28,28,1.308,4.43,68.3,28,70.8,0.8,1.0,1d_partial_close_pct,5.0,1.6,0.6
0.35,0.8,0.108,-1.1,0.668,43,41,0.107,13,-4.78,0.107,0.569,28,28,1.308,4.42,68.3,28,70.9,0.8,1.0,1d_partial_close_pct,5.0,1.6,0.6
0.35,0.8,0.108,-1.1,0.668,43,41,0.107,13,-4.78,0.107,0.569,28,28,1.308,4.42,68.3,28,71.0,0.8,1.0,1d_partial_close_pct,5.0,1.6,0.6
0.35,0.8,0.108,-1.1,0.668,43,41,0.107,13,-4.78,0.107,0.57,28,28,1.308,4.42,68.3,28,71.1,0.8,1.0,1d_partial_close_pct,5.0,1.6,0.6
0.35,0.8,0.107,-1.1,0.668,43,41,0.107,13,-4.79,0.107,0.57,28,28,1.308,4.4,68.3,28,71.2,0.8,1.0,1d_partial_close_pct,5.0,1.6,0.6
0.35,0.8,0.107,-1.1,0.669,43,41,0.108,13,-4.79,0.108,0.571,28,28,1.309,4.39,68.3,28,71.3,0.8,1.0,1d_partial_close_pct,5.0,1.6,0.6
0.35,0.8,0.107,-1.1,0.669,43,41,0.108,13,-4.79,0.108,0.571,28,28,1.309,4.39,68.3,28,71.4,0.8,1.0,1d_partial_close_pct,5.0,1.6,0.6
0.35,0.8,0.107,-1.1,0.669,43,41,0.108,13,-4.79,0.108,0.571,28,28,1.309,4.39,68.3,28,71.5,0.8,1.0,1d_partial_close_pct,5.0,1.6,0.6
0.35,0.8,0.107,-1.1,0.669,43,41,0.108,13,-4.79,0.108,0.572,28,28,1.309,4.37,68.3,28,71.6,0.8,1.0,1d_partial_close_pct,5.0,1.6,0.6
0.35,0.8,0.106,-1.1,0.669,43,41,0.108,13,-4.8,0.108,0.572,28,28,1.31,4.35,68.3,28,71.7,0.8,1.0,1d_partial_close_pct,5.0,1.6,0.6
0.35,0.8,0.106,-1.1,0.669,43,41,0.108,13,-4.8,0.108,0.573,28,28,1.31,4.35,68.3,28,71.8,0.8,1.0,1d_partial_close_pct,5.0,1.6,0.6
0.35,0.8,0.106,-1.1,0.669,43,41,0.108,13,-4.8,0.108,0.573,28,28,1.31,4.35,68.3,28,71.9,0.8,1.0,1d_partial_close_pct,5.0,1.6,0.6
0.35,0.8,0.106,-1.1,0.669,43,41,0.108,13,-4.8,0.108,0.574,28,28,1.31,4.34,68.3,28,72.0,0.8,1.0,1d_partial_close_pct,5.0,1.6,0.6
0.35,0.8,0.106,-1.1,0.669,43,41,0.108,13,-4.8,0.108,0.574,28,28,1.31,4.34,68.3,28,72.1,0.8,1.0,1d_partial_close_pct,5.0,1.6,0.6
0.35,0.8,0.109,-1.1,0.669,43,41,0.108,13,-4.77,0.108,0.575,28,28,1.31,4.47,68.3,28,72.2,0.8,1.0,1d_partial_close_pct,5.0,1.6,0.6
0.35,0.8,0.109,-1.1,0.67,43,41,0.109,13,-4.77,0.108,0.575,28,28,1.311,4.47,68.3,28,72.3,0.8,1.0,1d_partial_close_pct,5.0,1.6,0.6
0.35,0.8,0.111,-1.1,0.67,43,41,0.109,13,-4.76,0.108,0.576,28,28,1.311,4.55,68.3,28,72.4,0.8,1.0,1d_partial_close_pct,5.0,1.6,0.6
0.35,0.8,0.111,-1.1,0.67,43,41,0.109,13,-4.76,0.108,0.576,28,28,1.311,4.55,68.3,28,72.5,0.8,1.0,1d_partial_close_pct,5.0,1.6,0.6
0.35,0.8,0.11,-1.1,0.67,43,41,0.109,13,-4.76,0.109,0.576,28,28,1.312,4.52,68.3,28,72.6,0.8,1.0,1d_partial_close_pct,5.0,1.6,0.6
0.35,0.8,0.11,-1.1,0.67,43,41,0.109,13,-4.76,0.109,0.577,28,28,1.312,4.52,68.3,28,72.7,0.8,1.0,1d_partial_close_pct,5.0,1.6,0.6
0.35,0.8,0.11,-1.1,0.67,43,41,0.109,13,-4.76,0.109,0.577,28,28,1.312,4.51,68.3,28,72.8,0.8,1.0,1d_partial_close_pct,5.0,1.6,0.6
0.35,0.8,0.11,-1.1,0.67,43,41,0.109,13,-4.76,0.109,0.578,28,28,1.312,4.51,68.3,28,72.9,0.8,1.0,1d_partial_close_pct,5.0,1.6,0.6
0.35,0.8,0.11,-1.1,0.67,43,41,0.109,13,-4.76,0.109,0.578,28,28,1.313,4.5,68.3,28,73.0,0.8,1.0,1d_partial_close_pct,5.0,1.6,0.6
0.35,0.8,0.11,-1.1,0.67,43,41,0.109,13,-4.77,0.109,0.579,28,28,1.313,4.49,68.3,28,73.1,0.8,1.0,1d_partial_close_pct,5.0,1.6,0.6
0.35,0.8,0.11,-1.1,0.67,43,41,0.109,13,-4.77,0.109,0.579,28,28,1.313,4.49,68.3,28,73.2,0.8,1.0,1d_partial_close_pct,5.0,1.6,0.6
0.35,0.8,0.11,-1.1,0.671,43,41,0.109,13,-4.77,0.109,0.58,28,28,1.313,4.49,68.3,28,73.3,0.8,1.0,1d_partial_close_pct,5.0,1.6,0.6
0.35,0.8,0.109,-1.1,0.671,43,41,0.109,13,-4.77,0.109,0.58,28,28,1.313,4.48,68.3,28,73.4,0.8,1.0,1d_partial_close_pct,5.0,1.6,0.6
0.35,0.8,0.109,-1.1,0.671,43,41,0.109,13,-4.78,0.109,0.58,28,28,1.313,4.47,68.3,28,73.5,0.8,1.0,1d_partial_close_pct,5.0,1.6,0.6
0.35,0.8,0.108,-1.1,0.671,43,41,0.109,13,-4.78,0.109,0.581,28,28,1.314,4.44,68.3,28,73.6,0.8,1.0,1d_partial_close_pct,5.0,1.6,0.6
0.35,0.8,0.108,-1.1,0.671,43,41,0.109,13,-4.78,0.109,0.581,28,28,1.314,4.44,68.3,28,73.7,0.8,1.0,1d_partial_close_pct,5.0,1.6,0.6
0.35,0.8,0.108,-1.1,0.671,43,41,0.109,13,-4.78,0.109,0.582,28,28,1.314,4.44,68.3,28,73.8,0.8,1.0,1d_partial_close_pct,5.0,1.6,0.6
0.35,0.8,0.108,-1.1,0.671,43,41,0.109,13,-4.78,0.11,0.582,28,28,1.315,4.43,68.3,28,73.9,0.8,1.0,1d_partial_close_pct,5.0,1.6,0.6
0.35,0.8,0.108,-1.1,0.671,43,41,0.109,13,-4.78,0.11,0.583,28,28,1.315,4.43,68.3,28,74.0,0.8,1.0,1d_partial_close_pct,5.0,1.6,0.6
0.35,0.8,0.108,-1.1,0.671,43,41,0.109,13,-4.78,0.11,0.583,28,28,1.315,4.43,68.3,28,74.1,0.8,1.0,1d_partial_close_pct,5.0,1.6,0.6
0.35,0.8,0.108,-1.1,0.671,43,41,0.109,13,-4.78,0.11,0.584,28,28,1.315,4.43,68.3,28,74.2,0.8,1.0,1d_partial_close_pct,5.0,1.6,0.6
0.35,0.8,0.108,-1.1,0.672,43,41,0.11,13,-4.78,0.11,0.584,28,28,1.315,4.42,68.3,28,74.3,0.8,1.0,1d_partial_close_pct,5.0,1.6,0.6
0.35,0.8,0.111,-1.1,0.672,43,41,0.11,13,-4.75,0.11,0.585,28,28,1.315,4.55,68.3,28,74.4,0.8,1.0,1d_partial_close_pct,5.0,1.6,0.6
0.35,0.8,0.11,-1.1,0.672,43,41,0.11,13,-4.76,0.11,0.585,28,28,1.315,4.53,68.3,28,74.5,0.8,1.0,1d_partial_close_pct,5.0,1.6,0.6
0.35,0.8,0.112,-1.1,0.672,43,41,0.11,13,-4.75,0.11,0.585,28,28,1.316,4.6,68.3,28,74.6,0.8,1.0,1d_partial_close_pct,5.0,1.6,0.6
0.35,0.8,0.112,-1.1,0.672,43,41,0.11,13,-4.75,0.11,0.586,28,28,1.316,4.59,68.3,28,74.7,0.8,1.0,1d_partial_close_pct,5.0,1.6,0.6
0.35,0.8,0.112,-1.1,0.672,43,41,0.11,13,-4.75,0.11,0.586,28,28,1.316,4.59,68.3,28,74.8,0.8,1.0,1d_partial_close_pct,5.0,1.6,0.6
0.35,0.8,0.112,-1.1,0.672,43,41,0.11,13,-4.75,0.11,0.587,28,28,1.317,4.59,68.3,28,74.9,0.8,1.0,1d_partial_close_pct,5.0,1.6,0.6
0.35,0.8,0.112,-1.1,0.672,43,41,0.11,13,-4.75,0.11,0.587,28,28,1.317,4.59,68.3,28,75.0,0.8,1.0,1d_partial_close_pct,5.0,1.6,0.6
0.35,0.8,0.112,-1.1,0.672,43,41,0.11,13,-4.75,0.11,0.588,28,28,1.317,4.58,68.3,28,75.1,0.8,1.0,1d_partial_close_pct,5.0,1.6,0.6
0.35,0.8,0.111,-1.1,0.673,43,41,0.111,13,-4.75,0.111,0.588,28,28,1.317,4.57,68.3,28,75.2,0.8,1.0,1d_partial_close_pct,5.0,1.6,0.6
0.35,0.8,0.111,-1.1,0.673,43,41,0.111,13,-4.75,0.111,0.589,28,28,1.317,4.57,68.3,28,75.3,0.8,1.0,1d_partial_close_pct,5.0,1.6,0.6
0.35,0.8,0.111,-1.1,0.673,43,41,0.111,13,-4.75,0.111,0.589,28,28,1.317,4.57,68.3,28,75.4,0.8,1.0,1d_partial_close_pct,5.0,1.6,0.6
0.35,0.8,0.111,-1.1,0.673,43,41,0.111,13,-4.75,0.111,0.589,28,28,1.318,4.56,68.3,28,75.5,0.8,1.0,1d_partial_close_pct,5.0,1.6,0.6
0.35,0.8,0.111,-1.1,0.673,43,41,0.111,13,-4.75,0.111,0.59,28,28,1.318,4.54,68.3,28,75.6,0.8,1.0,1d_partial_close_pct,5.0,1.6,0.6
0.35,0.8,0.111,-1.1,0.673,43,41,0.111,13,-4.75,0.111,0.59,28,28,1.318,4.54,68.3,28,75.7,0.8,1.0,1d_partial_close_pct,5.0,1.6,0.6
0.35,0.8,0.11,-1.1,0.673,43,41,0.111,13,-4.76,0.111,0.591,28,28,1.318,4.53,68.3,28,75.8,0.8,1.0,1d_partial_close_pct,5.0,1.6,0.6
0.35,0.8,0.11,-1.1,0.674,43,41,0.112,13,-4.77,0.111,0.591,28,28,1.319,4.51,68.3,28,75.9,0.8,1.0,1d_partial_close_pct,5.0,1.6,0.6
0.35,0.8,0.11,-1.1,0.674,43,41,0.112,13,-4.77,0.111,0.592,28,28,1.319,4.5,68.3,28,76.0,0.8,1.0,1d_partial_close_pct,5.0,1.6,0.6
0.35,0.8,0.11,-1.1,0.674,43,41,0.112,13,-4.77,0.111,0.592,28,28,1.319,4.5,68.3,28,76.1,0.8,1.0,1d_partial_close_pct,5.0,1.6,0.6
0.35,0.8,0.11,-1.1,0.674,43,41,0.112,13,-4.77,0.111,0.593,28,28,1.32,4.5,68.3,28,76.2,0.8,1.0,1d_partial_close_pct,5.0,1.6,0.6
0.35,0.8,0.11,-1.1,0.674,43,41,0.112,13,-4.77,0.111,0.593,28,28,1.32,4.5,68.3,28,76.3,0.8,1.0,1d_partial_close_pct,5.0,1.6,0.6
0.35,0.8,0.11,-1.1,0.674,43,41,0.112,13,-4.77,0.111,0.594,28,28,1.32,4.49,68.3,28,76.4,0.8,1.0,1d_partial_close_pct,5.0,1.6,0.6
0.35,0.8,0.109,-1.1,0.674,43,41,0.112,13,-4.77,0.111,0.594,28,28,1.32,4.48,68.3,28,76.5,0.8,1.0,1d_partial_close_pct,5.0,1.6,0.6
0.35,0.8,0.109,-1.1,0.674,43,41,0.112,13,-4.77,0.112,0.594,28,28,1.32,4.47,68.3,28,76.6,0.8,1.0,1d_partial_close_pct,5.0,1.6,0.6
0.35,0.8,0.112,-1.1,0.674,43,41,0.112,13,-4.74,0.112,0.595,28,28,1.32,4.6,68.3,28,76.7,0.8,1.0,1d_partial_close_pct,5.0,1.6,0.6
0.35,0.8,0.114,-1.1,0.675,43,41,0.112,13,-4.73,0.112,0.595,28,28,1.321,4.68,68.3,28,76.8,0.8,1.0,1d_partial_close_pct,5.0,1.6,0.6
0.35,0.8,0.114,-1.1,0.675,43,41,0.112,13,-4.73,0.112,0.596,28,28,1.321,4.67,68.3,28,76.9,0.8,1.0,1d_partial_close_pct,5.0,1.6,0.6
0.35,0.8,0.114,-1.1,0.675,43,41,0.112,13,-4.73,0.112,0.596,28,28,1.321,4.67,68.3,28,77.0,0.8,1.0,1d_partial_close_pct,5.0,1.6,0.6
0.35,0.8,0.114,-1.1,0.675,43,41,0.112,13,-4.73,0.112,0.597,28,28,1.321,4.67,68.3,28,77.1,0.8,1.0,1d_partial_close_pct,5.0,1.6,0.6
0.35,0.8,0.114,-1.1,0.675,43,41,0.112,13,-4.74,0.112,0.597,28,28,1.322,4.66,68.3,28,77.2,0.8,1.0,1d_partial_close_pct,5.0,1.6,0.6
0.35,0.8,0.113,-1.1,0.675,43,41,0.112,13,-4.74,0.112,0.598,28,28,1.322,4.65,68.3,28,77.3,0.8,1.0,1d_partial_close_pct,5.0,1.6,0.6
0.35,0.8,0.113,-1.1,0.675,43,41,0.112,13,-4.74,0.112,0.598,28,28,1.322,4.64,68.3,28,77.4,0.8,1.0,1d_partial_close_pct,5.0,1.6,0.6
0.35,0.8,0.113,-1.1,0.675,43,41,0.112,13,-4.74,0.112,0.598,28,28,1.322,4.63,68.3,28,77.5,0.8,1.0,1d_partial_close_pct,5.0,1.6,0.6
0.35,0.8,0.113,-1.1,0.675,43,41,0.112,13,-4.74,0.112,0.599,28,28,1.322,4.62,68.3,28,77.6,0.8,1.0,1d_partial_close_pct,5.0,1.6,0.6
0.35,0.8,0.112,-1.1,0.675,43,41,0.112,13,-4.74,0.112,0.599,28,28,1.322,4.61,68.3,28,77.7,0.8,1.0,1d_partial_close_pct,5.0,1.6,0.6
0.35,0.8,0.112,-1.1,0.676,43,41,0.113,13,-4.74,0.112,0.6,28,28,1.323,4.61,68.3,28,77.8,0.8,1.0,1d_partial_close_pct,5.0,1.6,0.6
0.35,0.8,0.112,-1.1,0.676,43,41,0.113,13,-4.74,0.113,0.6,28,28,1.323,4.61,68.3,28,77.9,0.8,1.0,1d_partial_close_pct,5.0,1.6,0.6
0.35,0.8,0.112,-1.1,0.676,43,41,0.113,13,-4.74,0.113,0.601,28,28,1.323,4.61,68.3,28,78.0,0.8,1.0,1d_partial_close_pct,5.0,1.6,0.6
0.35,0.8,0.112,-1.1,0.676,43,41,0.113,13,-4.74,0.113,0.601,28,28,1.324,4.6,68.3,28,78.1,0.8,1.0,1d_partial_close_pct,5.0,1.6,0.6
0.35,0.8,0.112,-1.1,0.676,43,41,0.113,13,-4.75,0.113,0.602,28,28,1.324,4.59,68.3,28,78.2,0.8,1.0,1d_partial_close_pct,5.0,1.6,0.6
0.35,0.8,0.112,-1.1,0.676,43,41,0.113,13,-4.75,0.113,0.602,28,28,1.324,4.58,68.3,28,78.3,0.8,1.0,1d_partial_close_pct,5.0,1.6,0.6
0.35,0.8,0.111,-1.1,0.676,43,41,0.113,13,-4.75,0.113,0.602,28,28,1.324,4.57,68.3,28,78.4,0.8,1.0,1d_partial_close_pct,5.0,1.6,0.6
0.35,0.8,0.111,-1.1,0.676,43,41,0.113,13,-4.75,0.113,0.603,28,28,1.324,4.57,68.3,28,78.5,0.8,1.0,1d_partial_close_pct,5.0,1.6,0.6
0.35,0.8,0.111,-1.1,0.676,43,41,0.113,13,-4.76,0.113,0.603,28,28,1.324,4.54,68.3,28,78.6,0.8,1.0,1d_partial_close_pct,5.0,1.6,0.6
0.35,0.8,0.111,-1.1,0.676,43,41,0.113,13,-4.76,0.113,0.604,28,28,1.324,4.54,68.3,28,78.7,0.8,1.0,1d_partial_close_pct,5.0,1.6,0.6
0.35,0.8,0.111,-1.1,0.677,43,41,0.114,13,-4.76,0.113,0.604,28,28,1.325,4.54,68.3,28,78.8,0.8,1.0,1d_partial_close_pct,5.0,1.6,0.6
0.35,0.8,0.114,-1.1,0.677,43,41,0.114,13,-4.73,0.113,0.605,28,28,1.325,4.68,68.3,28,78.9,0.8,1.0,1d_partial_close_pct,5.0,1.6,0.6
0.35,0.8,0.116,-1.1,0.677,43,41,0.114,13,-4.72,0.113,0.605,28,28,1.325,4.75,68.3,28,79.0,0.8,1.0,1d_partial_close_pct,5.0,1.6,0.6
0.35,0.8,0.116,-1.1,0.677,43,41,0.114,13,-4.72,0.113,0.606,28,28,1.326,4.74,68.3,28,79.1,0.8,1.0,1d_partial_close_pct,5.0,1.6,0.6
0.35,0.8,0.116,-1.1,0.677,43,41,0.114,13,-4.72,0.114,0.606,28,28,1.326,4.74,68.3,28,79.2,0.8,1.0,1d_partial_close_pct,5.0,1.6,0.6
0.35,0.8,0.116,-1.1,0.677,43,41,0.114,13,-4.72,0.114,0.607,28,28,1.326,4.74,68.3,28,79.3,0.8,1.0,1d_partial_close_pct,5.0,1.6,0.6
0.35,0.8,0.115,-1.1,0.677,43,41,0.114,13,-4.72,0.114,0.607,28,28,1.327,4.72,68.3,28,79.4,0.8,1.0,1d_partial_close_pct,5.0,1.6,0.6
0.35,0.8,0.115,-1.1,0.677,43,41,0.114,13,-4.72,0.114,0.607,28,28,1.327,4.72,68.3,28,79.5,0.8,1.0,1d_partial_close_pct,5.0,1.6,0.6
0.35,0.8,0.115,-1.1,0.677,43,41,0.114,13,-4.72,0.114,0.608,28,28,1.327,4.71,68.3,28,79.6,0.8,1.0,1d_partial_close_pct,5.0,1.6,0.6
0.35,0.8,0.115,-1.1,0.678,43,41,0.114,13,-4.72,0.114,0.608,28,28,1.327,4.71,68.3,28,79.7,0.8,1.0,1d_partial_close_pct,5.0,1.6,0.6
0.35,0.8,0.115,-1.1,0.678,43,41,0.114,13,-4.72,0.114,0.609,28,28,1.327,4.7,68.3,28,79.8,0.8,1.0,1d_partial_close_pct,5.0,1.6,0.6
0.35,0.8,0.114,-1.1,0.678,43,41,0.114,13,-4.72,0.114,0.609,28,28,1.327,4.69,68.3,28,79.9,0.8,1.0,1d_partial_close_pct,5.0,1.6,0.6
0.35,0.8,0.114,-1.1,0.678,43,41,0.114,13,-4.73,0.114,0.61,28,28,1.327,4.68,68.3,28,80.0,0.8,1.0,1d_partial_close_pct,5.0,1.6,0.6
0.35,0.8,0.114,-1.1,0.678,43,41,0.114,13,-4.73,0.114,0.61,28,28,1.328,4.68,68.3,28,80.1,0.8,1.0,1d_partial_close_pct,5.0,1.6,0.6
0.35,0.8,0.114,-1.1,0.678,43,41,0.114,13,-4.73,0.114,0.611,28,28,1.328,4.68,68.3,28,80.2,0.8,1.0,1d_partial_close_pct,5.0,1.6,0.6
0.35,0.8,0.114,-1.1,0.678,43,41,0.114,13,-4.73,0.114,0.611,28,28,1.328,4.66,68.3,28,80.3,0.8,1.0,1d_partial_close_pct,5.0,1.6,0.6
0.35,0.8,0.114,-1.1,0.679,43,41,0.115,13,-4.73,0.114,0.611,28,28,1.329,4.66,68.3,28,80.4,0.8,1.0,1d_partial_close_pct,5.0,1.6,0.6
0.35,0.8,0.113,-1.1,0.679,43,41,0.115,13,-4.74,0.115,0.612,28,28,1.329,4.65,68.3,28,80.5,0.8,1.0,1d_partial_close_pct,5.0,1.6,0.6
0.35,0.8,0.113,-1.1,0.679,43,41,0.115,13,-4.74,0.115,0.612,28,28,1.329,4.64,68.3,28,80.6,0.8,1.0,1d_partial_close_pct,5.0,1.6,0.6
0.35,0.8,0.113,-1.1,0.679,43,41,0.115,13,-4.74,0.115,0.613,28,28,1.329,4.62,68.3,28,80.7,0.8,1.0,1d_partial_close_pct,5.0,1.6,0.6
0.35,0.8,0.113,-1.1,0.679,43,41,0.115,13,-4.74,0.115,0.613,28,28,1.329,4.62,68.3,28,80.8,0.8,1.0,1d_partial_close_pct,5.0,1.6,0.6
0.35,0.8,0.113,-1.1,0.679,43,41,0.115,13,-4.74,0.115,0.614,28,28,1.329,4.62,68.3,28,80.9,0.8,1.0,1d_partial_close_pct,5.0,1.6,0.6
0.35,0.8,0.113,-1.1,0.679,43,41,0.115,13,-4.74,0.115,0.614,28,28,1.33,4.62,68.3,28,81.0,0.8,1.0,1d_partial_close_pct,5.0,1.6,0.6
0.35,0.8,0.116,-1.1,0.679,43,41,0.115,13,-4.71,0.115,0.615,28,28,1.33,4.75,68.3,28,81.1,0.8,1.0,1d_partial_close_pct,5.0,1.6,0.6
0.35,0.8,0.116,-1.1,0.679,43,41,0.115,13,-4.71,0.115,0.615,28,28,1.33,4.75,68.3,28,81.2,0.8,1.0,1d_partial_close_pct,5.0,1.6,0.6
0.35,0.8,0.118,-1.1,0.679,43,41,0.115,13,-4.7,0.115,0.616,28,28,1.33,4.82,68.3,28,81.3,0.8,1.0,1d_partial_close_pct,5.0,1.6,0.6
0.35,0.8,0.117,-1.1,0.68,43,41,0.116,13,-4.71,0.115,0.616,28,28,1.331,4.81,68.3,28,81.4,0.8,1.0,1d_partial_close_pct,5.0,1.6,0.6
0.35,0.8,0.117,-1.1,0.68,43,41,0.116,13,-4.71,0.115,0.616,28,28,1.331,4.79,68.3,28,81.5,0.8,1.0,1d_partial_close_pct,5.0,1.6,0.6
0.35,0.8,0.117,-1.1,0.68,43,41,0.116,13,-4.71,0.115,0.617,28,28,1.331,4.78,68.3,28,81.6,0.8,1.0,1d_partial_close_pct,5.0,1.6,0.6
0.35,0.8,0.117,-1.1,0.68,43,41,0.116,13,-4.71,0.115,0.617,28,28,1.331,4.78,68.3,28,81.7,0.8,1.0,1d_partial_close_pct,5.0,1.6,0.6
0.35,0.8,0.117,-1.1,0.68,43,41,0.116,13,-4.71,0.116,0.618,28,28,1.331,4.78,68.3,28,81.8,0.8,1.0,1d_partial_close_pct,5.0,1.6,0.6
0.35,0.8,0.117,-1.1,0.68,43,41,0.116,13,-4.71,0.116,0.618,28,28,1.331,4.78,68.3,28,81.9,0.8,1.0,1d_partial_close_pct,5.0,1.6,0.6
0.35,0.8,0.116,-1.1,0.68,43,41,0.116,13,-4.71,0.116,0.619,28,28,1.332,4.77,68.3,28,82.0,0.8,1.0,1d_partial_close_pct,5.0,1.6,0.6
0.35,0.8,0.116,-1.1,0.68,43,41,0.116,13,-4.71,0.116,0.619,28,28,1.332,4.77,68.3,28,82.1,0.8,1.0,1d_partial_close_pct,5.0,1.6,0.6
0.35,0.8,0.116,-1.1,0.68,43,41,0.116,13,-4.71,0.116,0.62,28,28,1.332,4.76,68.3,28,82.2,0.8,1.0,1d_partial_close_pct,5.0,1.6,0.6
0.35,0.8,0.116,-1.1,0.681,43,41,0.116,13,-4.71,0.116,0.62,28,28,1.333,4.75,68.3,28,82.3,0.8,1.0,1d_partial_close_pct,5.0,1.6,0.6
0.35,0.8,0.116,-1.1,0.681,43,41,0.116,13,-4.71,0.116,0.62,28,28,1.333,4.74,68.3,28,82.4,0.8,1.0,1d_partial_close_pct,5.0,1.6,0.6
0.35,0.8,0.116,-1.1,0.681,43,41,0.116,13,-4.71,0.116,0.621,28,28,1.333,4.74,68.3,28,82.5,0.8,1.0,1d_partial_close_pct,5.0,1.6,0.6
0.35,0.8,0.115,-1.1,0.681,43,41,0.116,13,-4.71,0.116,0.621,28,28,1.333,4.73,68.3,28,82.6,0.8,1.0,1d_partial_close_pct,5.0,1.6,0.6
0.35,0.8,0.115,-1.1,0.681,43,41,0.116,13,-4.72,0.116,0.622,28,28,1.334,4.72,68.3,28,82.7,0.8,1.0,1d_partial_close_pct,5.0,1.6,0.6
0.35,0.8,0.115,-1.1,0.681,43,41,0.116,13,-4.73,0.116,0.622,28,28,1.334,4.7,68.3,28,82.8,0.8,1.0,1d_partial_close_pct,5.0,1.6,0.6
0.35,0.8,0.115,-1.1,0.681,43,41,0.116,13,-4.73,0.116,0.623,28,28,1.334,4.7,68.3,28,82.9,0.8,1.0,1d_partial_close_pct,5.0,1.6,0.6
0.35,0.8,0.115,-1.1,0.681,43,41,0.116,13,-4.73,0.116,0.623,28,28,1.334,4.7,68.3,28,83.0,0.8,1.0,1d_partial_close_pct,5.0,1.6,0.6
0.35,0.8,0.114,-1.1,0.681,43,41,0.116,13,-4.73,0.116,0.624,28,28,1.334,4.69,68.3,28,83.1,0.8,1.0,1d_partial_close_pct,5.0,1.6,0.6
0.35,0.8,0.114,-1.1,0.681,43,41,0.116,13,-4.73,0.117,0.624,28,28,1.334,4.67,68.3,28,83.2,0.8,1.0,1d_partial_close_pct,5.0,1.6,0.6
0.35,0.8,0.117,-1.1,0.682,43,41,0.117,13,-4.7,0.117,0.625,28,28,1.335,4.81,68.3,28,83.3,0.8,1.0,1d_partial_close_pct,5.0,1.6,0.6
0.35,0.8,0.117,-1.1,0.682,43,41,0.117,13,-4.7,0.117,0.625,28,28,1.335,4.81,68.3,28,83.4,0.8,1.0,1d_partial_close_pct,5.0,1.6,0.6
0.35,0.8,0.119,-1.1,0.682,43,41,0.117,13,-4.69,0.117,0.625,28,28,1.335,4.89,68.3,28,83.5,0.8,1.0,1d_partial_close_pct,5.0,1.6,0.6
0.35,0.8,0.119,-1.1,0.682,43,41,0.117,13,-4.69,0.117,0.626,28,28,1.336,4.88,68.3,28,83.6,0.8,1.0,1d_partial_close_pct,5.0,1.6,0.6
0.35,0.8,0.119,-1.1,0.682,43,41,0.117,13,-4.69,0.117,0.626,28,28,1.336,4.87,68.3,28,83.7,0.8,1.0,1d_partial_close_pct,5.0,1.6,0.6
0.35,0.8,0.119,-1.1,0.682,43,41,0.117,13,-4.69,0.117,0.627,28,28,1.336,4.86,68.3,28,83.8,0.8,1.0,1d_partial_close_pct,5.0,1.6,0.6
0.35,0.8,0.119,-1.1,0.682,43,41,0.117,13,-4.69,0.117,0.627,28,28,1.336,4.86,68.3,28,83.9,0.8,1.0,1d_partial_close_pct,5.0,1.6,0.6
0.35,0.8,0.119,-1.1,0.682,43,41,0.117,13,-4.69,0.117,0.628,28,28,1.336,4.86,68.3,28,84.0,0.8,1.0,1d_partial_close_pct,5.0,1.6,0.6
0.35,0.8,0.118,-1.1,0.682,43,41,0.117,13,-4.7,0.117,0.628,28,28,1.336,4.84,68.3,28,84.1,0.8,1.0,1d_partial_close_pct,5.0,1.6,0.6
0.35,0.8,0.118,-1.1,0.682,43,41,0.117,13,-4.7,0.117,0.628,28,28,1.336,4.83,68.3,28,84.2,0.8,1.0,1d_partial_close_pct,5.0,1.6,0.6
0.35,0.8,0.118,-1.1,0.683,43,41,0.118,13,-4.7,0.117,0.629,28,28,1.337,4.83,68.3,28,84.3,0.8,1.0,1d_partial_close_pct,5.0,1.6,0.6
0.35,0.8,0.118,-1.1,0.683,43,41,0.118,13,-4.7,0.117,0.629,28,28,1.337,4.83,68.3,28,84.4,0.8,1.0,1d_partial_close_pct,5.0,1.6,0.6
0.35,0.8,0.118,-1.1,0.683,43,41,0.118,13,-4.7,0.118,0.63,28,28,1.337,4.82,68.3,28,84.5,0.8,1.0,1d_partial_close_pct,5.0,1.6,0.6
0.35,0.8,0.117,-1.1,0.683,43,41,0.118,13,-4.7,0.118,0.63,28,28,1.338,4.8,68.3,28,84.6,0.8,1.0,1d_partial_close_pct,5.0,1.6,0.6
0.35,0.8,0.117,-1.1,0.683,43,41,0.118,13,-4.7,0.118,0.631,28,28,1.338,4.8,68.3,28,84.7,0.8,1.0,1d_partial_close_pct,5.0,1.6,0.6
0.35,0.8,0.117,-1.1,0.683,43,41,0.118,13,-4.7,0.118,0.631,28,28,1.338,4.8,68.3,28,84.8,0.8,1.0,1d_partial_close_pct,5.0,1.6,0.6
0.35,0.8,0.117,-1.1,0.684,43,41,0.118,13,-4.7,0.118,0.632,28,28,1.338,4.79,68.3,28,84.9,0.8,1.0,1d_partial_close_pct,5.0,1.6,0.6
0.35,0.8,0.117,-1.1,0.684,43,41,0.118,13,-4.7,0.118,0.632,28,28,1.338,4.79,68.3,28,85.0,0.8,1.0,1d_partial_close_pct,5.0,1.6,0.6
0.35,0.8,0.116,-1.1,0.684,43,41,0.118,13,-4.71,0.118,0.633,28,28,1.338,4.77,68.3,28,85.1,0.8,1.0,1d_partial_close_pct,5.0,1.6,0.6
0.35,0.8,0.116,-1.1,0.684,43,41,0.118,13,-4.71,0.118,0.633,28,28,1.339,4.77,68.3,28,85.2,0.8,1.0,1d_partial_close_pct,5.0,1.6,0.6
0.35,0.8,0.116,-1.1,0.684,43,41,0.118,13,-4.71,0.118,0.633,28,28,1.339,4.77,68.3,28,85.3,0.8,1.0,1d_partial_close_pct,5.0,1.6,0.6
0.35,0.8,0.116,-1.1,0.684,43,41,0.118,13,-4.71,0.118,0.634,28,28,1.339,4.75,68.3,28,85.4,0.8,1.0,1d_partial_close_pct,5.0,1.6,0.6
0.35,0.8,0.119,-1.1,0.684,43,41,0.118,13,-4.69,0.118,0.634,28,28,1.339,4.88,68.3,28,85.5,0.8,1.0,1d_partial_close_pct,5.0,1.6,0.6
0.35,0.8,0.119,-1.1,0.684,43,41,0.118,13,-4.69,0.118,0.635,28,28,1.34,4.87,68.3,28,85.6,0.8,1.0,1d_partial_close_pct,5.0,1.6,0.6
0.35,0.8,0.121,-1.1,0.684,43,41,0.118,13,-4.68,0.118,0.635,28,28,1.34,4.95,68.3,28,85.7,0.8,1.0,1d_partial_close_pct,5.0,1.6,0.6
0.35,0.8,0.12,-1.1,0.684,43,41,0.118,13,-4.68,0.119,0.636,28,28,1.34,4.94,68.3,28,85.8,0.8,1.0,1d_partial_close_pct,5.0,1.6,0.6
0.35,0.8,0.12,-1.1,0.685,43,41,0.119,13,-4.68,0.119,0.636,28,28,1.341,4.94,68.3,28,85.9,0.8,1.0,1d_partial_close_pct,5.0,1.6,0.6
0.35,0.8,0.12,-1.1,0.685,43,41,0.119,13,-4.68,0.119,0.637,28,28,1.341,4.94,68.3,28,86.0,0.8,1.0,1d_partial_close_pct,5.0,1.6,0.6
0.35,0.8,0.12,-1.1,0.685,43,41,0.119,13,-4.68,0.119,0.637,28,28,1.341,4.93,68.3,28,86.1,0.8,1.0,1d_partial_close_pct,5.0,1.6,0.6
0.35,0.8,0.12,-1.1,0.685,43,41,0.119,13,-4.68,0.119,0.637,28,28,1.341,4.91,68.3,28,86.2,0.8,1.0,1d_partial_close_pct,5.0,1.6,0.6
0.35,0.8,0.12,-1.1,0.685,43,41,0.119,13,-4.68,0.119,0.638,28,28,1.341,4.91,68.3,28,86.3,0.8,1.0,1d_partial_close_pct,5.0,1.6,0.6
0.35,0.8,0.12,-1.1,0.685,43,41,0.119,13,-4.68,0.119,0.638,28,28,1.341,4.91,68.3,28,86.4,0.8,1.0,1d_partial_close_pct,5.0,1.6,0.6
0.35,0.8,0.12,-1.1,0.685,43,41,0.119,13,-4.68,0.119,0.639,28,28,1.342,4.91,68.3,28,86.5,0.8,1.0,1d_partial_close_pct,5.0,1.6,0.6
0.35,0.8,0.119,-1.1,0.685,43,41,0.119,13,-4.68,0.119,0.639,28,28,1.342,4.89,68.3,28,86.6,0.8,1.0,1d_partial_close_pct,5.0,1.6,0.6
0.35,0.8,0.119,-1.1,0.685,43,41,0.119,13,-4.68,0.119,0.64,28,28,1.342,4.89,68.3,28,86.7,0.8,1.0,1d_partial_close_pct,5.0,1.6,0.6
0.35,0.8,0.119,-1.1,0.685,43,41,0.119,13,-4.68,0.119,0.64,28,28,1.342,4.89,68.3,28,86.8,0.8,1.0,1d_partial_close_pct,5.0,1.6,0.6
0.35,0.8,0.119,-1.1,0.686,43,41,0.12,13,-4.69,0.119,0.641,28,28,1.343,4.88,68.3,28,86.9,0.8,1.0,1d_partial_close_pct,5.0,1.6,0.6
0.35,0.8,0.119,-1.1,0.686,43,41,0.12,13,-4.69,0.119,0.641,28,28,1.343,4.87,68.3,28,87.0,0.8,1.0,1d_partial_close_pct,5.0,1.6,0.6
0.35,0.8,0.118,-1.1,0.686,43,41,0.12,13,-4.69,0.119,0.642,28,28,1.343,4.85,68.3,28,87.1,0.8,1.0,1d_partial_close_pct,5.0,1.6,0.6
0.35,0.8,0.118,-1.1,0.686,43,41,0.12,13,-4.69,0.12,0.642,28,28,1.343,4.85,68.3,28,87.2,0.8,1.0,1d_partial_close_pct,5.0,1.6,0.6
0.35,0.8,0.118,-1.1,0.686,43,41,0.12,13,-4.69,0.12,0.642,28,28,1.343,4.85,68.3,28,87.3,0.8,1.0,1d_partial_close_pct,5.0,1.6,0.6
0.35,0.8,0.118,-1.1,0.686,43,41,0.12,13,-4.7,0.12,0.643,28,28,1.343,4.84,68.3,28,87.4,0.8,1.0,1d_partial_close_pct,5.0,1.6,0.6
0.35,0.8,0.118,-1.1,0.686,43,41,0.12,13,-4.7,0.12,0.643,28,28,1.344,4.83,68.3,28,87.5,0.8,1.0,1d_partial_close_pct,5.0,1.6,0.6
0.35,0.8,0.118,-1.1,0.686,43,41,0.12,13,-4.7,0.12,0.644,28,28,1.344,4.82,68.3,28,87.6,0.8,1.0,1d_partial_close_pct,5.0,1.6,0.6
0.35,0.8,0.121,-1.1,0.686,43,41,0.12,13,-4.67,0.12,0.644,28,28,1.344,4.96,68.3,28,87.7,0.8,1.0,1d_partial_close_pct,5.0,1.6,0.6
0.35,0.8,0.121,-1.1,0.687,43,41,0.12,13,-4.67,0.12,0.645,28,28,1.345,4.95,68.3,28,87.8,0.8,1.0,1d_partial_close_pct,5.0,1.6,0.6
0.35,0.8,0.122,-1.1,0.687,43,41,0.12,13,-4.66,0.12,0.645,28,28,1.345,5.02,68.3,28,87.9,0.8,1.0,1d_partial_close_pct,5.0,1.6,0.6
0.35,0.8,0.122,-1.1,0.687,43,41,0.12,13,-4.66,0.12,0.646,28,28,1.345,5.01,68.3,28,88.0,0.8,1.0,1d_partial_close_pct,5.0,1.6,0.6
0.35,0.8,0.122,-1.1,0.687,43,41,0.12,13,-4.66,0.12,0.646,28,28,1.345,5.01,68.3,28,88.1,0.8,1.0,1d_partial_close_pct,5.0,1.6,0.6
0.35,0.8,0.122,-1.1,0.687,43,41,0.12,13,-4.66,0.12,0.646,28,28,1.345,5.01,68.3,28,88.2,0.8,1.0,1d_partial_close_pct,5.0,1.6,0.6
0.35,0.8,0.122,-1.1,0.687,43,41,0.12,13,-4.67,0.12,0.647,28,28,1.345,4.99,68.3,28,88.3,0.8,1.0,1d_partial_close_pct,5.0,1.6,0.6
0.35,0.8,0.122,-1.1,0.687,43,41,0.12,13,-4.67,0.12,0.647,28,28,1.345,4.99,68.3,28,88.4,0.8,1.0,1d_partial_close_pct,5.0,1.6,0.6
0.35,0.8,0.122,-1.1,0.688,43,41,0.121,13,-4.67,0.121,0.648,28,28,1.346,4.99,68.3,28,88.5,0.8,1.0,1d_partial_close_pct,5.0,1.6,0.6
0.35,0.8,0.121,-1.1,0.688,43,41,0.121,13,-4.67,0.121,0.648,28,28,1.346,4.97,68.3,28,88.6,0.8,1.0,1d_partial_close_pct,5.0,1.6,0.6
0.35,0.8,0.121,-1.1,0.688,43,41,0.121,13,-4.67,0.121,0.649,28,28,1.346,4.97,68.3,28,88.7,0.8,1.0,1d_partial_close_pct,5.0,1.6,0.6
0.35,0.8,0.121,-1.1,0.688,43,41,0.121,13,-4.67,0.121,0.649,28,28,1.347,4.96,68.3,28,88.8,0.8,1.0,1d_partial_close_pct,5.0,1.6,0.6
0.35,0.8,0.121,-1.1,0.688,43,41,0.121,13,-4.67,0.121,0.65,28,28,1.347,4.96,68.3,28,88.9,0.8,1.0,1d_partial_close_pct,5.0,1.6,0.6
0.35,0.8,0.121,-1.1,0.688,43,41,0.121,13,-4.67,0.121,0.65,28,28,1.347,4.95,68.3,28,89.0,0.8,1.0,1d_partial_close_pct,5.0,1.6,0.6
0.35,0.8,0.121,-1.1,0.688,43,41,0.121,13,-4.67,0.121,0.651,28,28,1.348,4.95,68.3,28,89.1,0.8,1.0,1d_partial_close_pct,5.0,1.6,0.6
0.35,0.8,0.12,-1.1,0.688,43,41,0.121,13,-4.67,0.121,0.651,28,28,1.348,4.94,68.3,28,89.2,0.8,1.0,1d_partial_close_pct,5.0,1.6,0.6
0.35,0.8,0.12,-1.1,0.688,43,41,0.121,13,-4.67,0.121,0.651,28,28,1.348,4.94,68.3,28,89.3,0.8,1.0,1d_partial_close_pct,5.0,1.6,0.6
0.35,0.8,0.12,-1.1,0.689,43,41,0.122,13,-4.67,0.121,0.652,28,28,1.348,4.93,68.3,28,89.4,0.8,1.0,1d_partial_close_pct,5.0,1.6,0.6
0.35,0.8,0.12,-1.1,0.689,43,41,0.122,13,-4.67,0.121,0.652,28,28,1.348,4.93,68.3,28,89.5,0.8,1.0,1d_partial_close_pct,5.0,1.6,0.6
0.35,0.8,0.12,-1.1,0.689,43,41,0.122,13,-4.68,0.121,0.653,28,28,1.348,4.9,68.3,28,89.6,0.8,1.0,1d_partial_close_pct,5.0,1.6,0.6
0.35,0.8,0.119,-1.1,0.689,43,41,0.122,13,-4.69,0.121,0.653,28,28,1.348,4.89,68.3,28,89.7,0.8,1.0,1d_partial_close_pct,5.0,1.6,0.6
0.35,0.8,0.119,-1.1,0.689,43,41,0.122,13,-4.69,0.122,0.654,28,28,1.349,4.89,68.3,28,89.8,0.8,1.0,1d_partial_close_pct,5.0,1.6,0.6
0.35,0.8,0.119,-1.1,0.689,43,41,0.122,13,-4.69,0.122,0.654,28,28,1.349,4.89,68.3,28,89.9,0.8,1.0,1d_partial_close_pct,5.0,1.6,0.6
0.35,0.8,0.122,-1.1,0.689,43,41,0.122,13,-4.66,0.122,0.655,28,28,1.349,5.02,68.3,28,90.0,0.8,1.0,1d_partial_close_pct,5.0,1.6,0.6
